session_ts,headline_count,sent_compound_mean
2015-01-05 00:00:00+00:00,4,-0.056575
2015-01-06 00:00:00+00:00,9,-0.10252222222222222
2015-01-07 00:00:00+00:00,5,0.29000000000000004
2015-01-08 00:00:00+00:00,5,0.0
2015-01-09 00:00:00+00:00,16,0.03629375
2015-01-13 00:00:00+00:00,5,0.08092
2015-01-14 00:00:00+00:00,3,-0.05103333333333334
2015-01-15 00:00:00+00:00,3,-0.23526666666666665
2015-01-16 00:00:00+00:00,3,-0.09246666666666668
2015-01-19 00:00:00+00:00,3,0.0
2015-01-20 00:00:00+00:00,4,-0.15395
2015-01-21 00:00:00+00:00,4,0.315025
2015-01-22 00:00:00+00:00,2,0.10115
2015-01-23 00:00:00+00:00,8,0.1987375
2015-01-26 00:00:00+00:00,2,0.0
2015-01-27 00:00:00+00:00,2,0.0
2015-01-28 00:00:00+00:00,3,0.0
2015-01-29 00:00:00+00:00,10,-0.018619999999999994
2015-01-30 00:00:00+00:00,8,0.318575
2015-02-02 00:00:00+00:00,6,0.03153333333333334
2015-02-03 00:00:00+00:00,7,-0.10355714285714286
2015-02-04 00:00:00+00:00,8,-0.1207125
2015-02-05 00:00:00+00:00,9,0.45596666666666663
2015-02-06 00:00:00+00:00,2,0.0
2015-02-09 00:00:00+00:00,4,0.12765
2015-02-10 00:00:00+00:00,5,0.018980000000000007
2015-02-12 00:00:00+00:00,10,0.10339000000000001
2015-02-13 00:00:00+00:00,5,-0.1673
2015-02-16 00:00:00+00:00,5,-0.021179999999999997
2015-02-17 00:00:00+00:00,3,0.20413333333333336
2015-02-18 00:00:00+00:00,4,-0.04209999999999997
2015-02-19 00:00:00+00:00,4,0.100475
2015-02-20 00:00:00+00:00,6,0.12653333333333333
2015-02-23 00:00:00+00:00,3,0.3734
2015-02-24 00:00:00+00:00,3,0.0
2015-02-25 00:00:00+00:00,5,0.13043999999999997
2015-02-26 00:00:00+00:00,6,-0.014999999999999994
2015-02-27 00:00:00+00:00,4,0.0
2015-03-02 00:00:00+00:00,3,0.10606666666666666
2015-03-03 00:00:00+00:00,3,0.14049999999999999
2015-03-04 00:00:00+00:00,1,0.2023
2015-03-05 00:00:00+00:00,47,0.03803191489361702
2015-03-09 00:00:00+00:00,2,0.0
2015-03-11 00:00:00+00:00,1,0.0
2015-03-12 00:00:00+00:00,2,0.2553
2015-03-13 00:00:00+00:00,3,0.24533333333333332
2015-03-16 00:00:00+00:00,1,0.0
2015-03-17 00:00:00+00:00,3,0.13053333333333333
2015-03-18 00:00:00+00:00,1,0.0
2015-03-19 00:00:00+00:00,3,0.09866666666666667
2015-03-20 00:00:00+00:00,4,0.2553
2015-03-23 00:00:00+00:00,3,0.0
2015-03-24 00:00:00+00:00,2,0.148
2015-03-26 00:00:00+00:00,8,0.169175
2015-03-27 00:00:00+00:00,7,0.19184285714285715
2015-03-30 00:00:00+00:00,3,0.14049999999999999
2015-03-31 00:00:00+00:00,3,-0.0453
2015-04-01 00:00:00+00:00,4,0.0754
2015-04-02 00:00:00+00:00,9,0.0980111111111111
2015-04-03 00:00:00+00:00,6,-0.03326666666666666
2015-04-06 00:00:00+00:00,8,0.031575000000000006
2015-04-07 00:00:00+00:00,1,0.0
2015-04-08 00:00:00+00:00,2,0.1591
2015-04-09 00:00:00+00:00,1,0.0
2015-04-10 00:00:00+00:00,3,-0.06939999999999998
2015-04-13 00:00:00+00:00,3,0.025733333333333334
2015-04-14 00:00:00+00:00,1,0.0
2015-04-15 00:00:00+00:00,15,0.16898
2015-04-16 00:00:00+00:00,4,0.050575
2015-04-17 00:00:00+00:00,7,0.11317142857142858
2015-04-20 00:00:00+00:00,4,0.118825
2015-04-21 00:00:00+00:00,2,0.0
2015-04-22 00:00:00+00:00,8,-0.046662499999999996
2015-04-23 00:00:00+00:00,5,-0.059199999999999996
2015-04-24 00:00:00+00:00,4,0.051074999999999995
2015-04-27 00:00:00+00:00,5,-0.014960000000000006
2015-04-28 00:00:00+00:00,7,-0.020628571428571434
2015-04-30 00:00:00+00:00,1,-0.128
2015-05-01 00:00:00+00:00,17,-0.006594117647058826
2015-05-07 00:00:00+00:00,2,0.10115
2015-05-08 00:00:00+00:00,4,0.09545
2015-05-11 00:00:00+00:00,1,-0.2263
2015-05-12 00:00:00+00:00,5,-0.0508
2015-05-13 00:00:00+00:00,6,0.223
2015-05-14 00:00:00+00:00,2,0.0
2015-05-15 00:00:00+00:00,9,0.06509999999999999
2015-05-18 00:00:00+00:00,4,0.21389999999999998
2015-05-19 00:00:00+00:00,4,-0.28595
2015-05-20 00:00:00+00:00,6,-0.13063333333333335
2015-05-21 00:00:00+00:00,11,0.09255454545454546
2015-05-22 00:00:00+00:00,2,0.29295
2015-05-25 00:00:00+00:00,2,0.0
2015-05-26 00:00:00+00:00,5,0.21654
2015-05-27 00:00:00+00:00,7,0.19078571428571428
2015-05-28 00:00:00+00:00,9,-0.01976666666666667
2015-05-29 00:00:00+00:00,4,0.093625
2015-06-01 00:00:00+00:00,1,0.1531
2015-06-02 00:00:00+00:00,1,0.0
2015-06-03 00:00:00+00:00,5,0.16986
2015-06-04 00:00:00+00:00,2,0.64625
2015-06-05 00:00:00+00:00,5,0.16784000000000002
2015-06-08 00:00:00+00:00,3,0.3743333333333334
2015-06-09 00:00:00+00:00,1,0.0
2015-06-10 00:00:00+00:00,4,0.026524999999999993
2015-06-11 00:00:00+00:00,7,0.04721428571428573
2015-06-12 00:00:00+00:00,5,-0.006920000000000015
2015-06-15 00:00:00+00:00,6,0.05303333333333333
2015-06-16 00:00:00+00:00,2,0.148
2015-06-17 00:00:00+00:00,2,0.0
2015-06-18 00:00:00+00:00,5,-0.01322000000000002
2015-06-19 00:00:00+00:00,12,0.03619999999999999
2015-06-22 00:00:00+00:00,3,-0.05103333333333334
2015-06-23 00:00:00+00:00,3,-0.1643666666666667
2015-06-24 00:00:00+00:00,11,0.08000000000000002
2015-06-25 00:00:00+00:00,4,-0.00645
2015-06-26 00:00:00+00:00,11,0.02145454545454546
2015-06-29 00:00:00+00:00,4,-0.199
2015-06-30 00:00:00+00:00,3,0.0
2015-07-01 00:00:00+00:00,13,-0.18416153846153846
2015-07-02 00:00:00+00:00,4,-0.100475
2015-07-03 00:00:00+00:00,1,-0.4398
2015-07-06 00:00:00+00:00,7,0.09
2015-07-07 00:00:00+00:00,4,-0.19037500000000002
2015-07-08 00:00:00+00:00,7,0.1623857142857143
2015-07-09 00:00:00+00:00,5,-0.068
2015-07-10 00:00:00+00:00,2,0.20095
2015-07-13 00:00:00+00:00,2,0.0
2015-07-14 00:00:00+00:00,2,-0.31245
2015-07-15 00:00:00+00:00,5,0.018739999999999996
2015-07-16 00:00:00+00:00,6,0.08218333333333334
2015-07-17 00:00:00+00:00,13,0.18431538461538463
2015-07-21 00:00:00+00:00,4,0.2022
2015-07-22 00:00:00+00:00,6,-0.04161666666666667
2015-07-23 00:00:00+00:00,7,-0.03952857142857142
2015-07-24 00:00:00+00:00,1,0.0
2015-07-27 00:00:00+00:00,3,0.0
2015-07-28 00:00:00+00:00,2,0.0
2015-07-29 00:00:00+00:00,3,-0.07433333333333335
2015-07-30 00:00:00+00:00,2,0.1752
2015-07-31 00:00:00+00:00,3,0.06743333333333333
2015-08-03 00:00:00+00:00,2,0.17
2015-08-04 00:00:00+00:00,2,0.2553
2015-08-05 00:00:00+00:00,2,0.1909
2015-08-06 00:00:00+00:00,4,0.225625
2015-08-07 00:00:00+00:00,4,0.1796
2015-08-10 00:00:00+00:00,4,0.2787
2015-08-11 00:00:00+00:00,2,-0.35625
2015-08-12 00:00:00+00:00,1,0.0
2015-08-13 00:00:00+00:00,2,0.0386
2015-08-14 00:00:00+00:00,6,0.10615000000000001
2015-08-17 00:00:00+00:00,14,0.04741428571428571
2015-08-18 00:00:00+00:00,8,0.00965
2015-08-19 00:00:00+00:00,9,0.061944444444444455
2015-08-20 00:00:00+00:00,6,0.12326666666666668
2015-08-21 00:00:00+00:00,10,0.04625999999999999
2015-08-24 00:00:00+00:00,3,0.17556666666666665
2015-08-25 00:00:00+00:00,5,0.16294000000000003
2015-08-26 00:00:00+00:00,5,-0.05464
2015-08-27 00:00:00+00:00,2,0.2553
2015-08-28 00:00:00+00:00,4,0.214775
2015-08-31 00:00:00+00:00,3,-0.038633333333333325
2015-09-01 00:00:00+00:00,2,0.0
2015-09-02 00:00:00+00:00,4,0.0
2015-09-03 00:00:00+00:00,3,-0.014333333333333345
2015-09-04 00:00:00+00:00,7,0.14038571428571428
2015-09-07 00:00:00+00:00,1,0.5859
2015-09-08 00:00:00+00:00,6,0.18500000000000003
2015-09-09 00:00:00+00:00,15,0.19738666666666665
2015-09-10 00:00:00+00:00,10,0.14489000000000002
2015-09-11 00:00:00+00:00,5,-0.03062
2015-09-14 00:00:00+00:00,2,0.0
2015-09-15 00:00:00+00:00,8,0.006425
2015-09-16 00:00:00+00:00,3,-0.13396666666666665
2015-09-17 00:00:00+00:00,3,0.12040000000000001
2015-09-18 00:00:00+00:00,11,0.21066363636363636
2015-09-24 00:00:00+00:00,7,-0.15832857142857143
2015-09-25 00:00:00+00:00,5,0.24762
2015-09-28 00:00:00+00:00,3,0.10606666666666666
2015-09-29 00:00:00+00:00,1,0.0
2015-09-30 00:00:00+00:00,4,0.24760000000000001
2015-10-01 00:00:00+00:00,3,0.0593
2015-10-05 00:00:00+00:00,2,0.07035000000000002
2015-10-06 00:00:00+00:00,3,-0.12726666666666667
2015-10-07 00:00:00+00:00,9,0.11556666666666665
2015-10-08 00:00:00+00:00,6,0.13945
2015-10-09 00:00:00+00:00,5,0.07561999999999999
2015-10-13 00:00:00+00:00,8,0.1091
2015-10-14 00:00:00+00:00,11,0.04684545454545455
2015-10-15 00:00:00+00:00,1,-0.4588
2015-10-16 00:00:00+00:00,6,0.24236666666666665
2015-10-19 00:00:00+00:00,5,0.068
2015-10-20 00:00:00+00:00,3,-0.10606666666666666
2015-10-21 00:00:00+00:00,15,-0.06862666666666667
2015-10-22 00:00:00+00:00,3,0.0
2015-10-26 00:00:00+00:00,5,-0.10533999999999999
2015-10-27 00:00:00+00:00,3,0.24656666666666668
2015-10-28 00:00:00+00:00,4,0.044975
2015-10-29 00:00:00+00:00,5,0.13443999999999998
2015-10-30 00:00:00+00:00,5,0.11717999999999999
2015-11-02 00:00:00+00:00,5,0.03388000000000001
2015-11-04 00:00:00+00:00,2,0.10115
2015-11-05 00:00:00+00:00,9,0.014222222222222223
2015-11-06 00:00:00+00:00,7,0.2072142857142857
2015-11-09 00:00:00+00:00,1,0.0
2015-11-10 00:00:00+00:00,7,-0.03232857142857143
2015-11-11 00:00:00+00:00,2,0.20095
2015-11-12 00:00:00+00:00,4,0.081175
2015-11-13 00:00:00+00:00,10,0.40602
2015-11-16 00:00:00+00:00,5,0.15434
2015-11-17 00:00:00+00:00,3,0.5638333333333333
2015-11-18 00:00:00+00:00,9,0.1662888888888889
2015-11-19 00:00:00+00:00,5,-0.10846
2015-11-20 00:00:00+00:00,10,0.20394
2015-11-24 00:00:00+00:00,4,0.056575
2015-11-25 00:00:00+00:00,8,0.0177625
2015-11-26 00:00:00+00:00,2,0.0
2015-11-27 00:00:00+00:00,3,0.0
2015-11-30 00:00:00+00:00,2,0.24695
2015-12-01 00:00:00+00:00,8,0.034300000000000004
2015-12-03 00:00:00+00:00,9,0.10669999999999999
2015-12-04 00:00:00+00:00,10,-0.03215
2015-12-07 00:00:00+00:00,4,-0.037275
2015-12-08 00:00:00+00:00,5,0.20322
2015-12-09 00:00:00+00:00,3,0.28026666666666666
2015-12-10 00:00:00+00:00,5,0.0
2015-12-11 00:00:00+00:00,8,0.0
2015-12-14 00:00:00+00:00,3,0.02063333333333332
2015-12-15 00:00:00+00:00,7,-0.20214285714285715
2015-12-16 00:00:00+00:00,2,0.064
2015-12-17 00:00:00+00:00,2,0.20095
2015-12-18 00:00:00+00:00,5,0.14701999999999998
2015-12-21 00:00:00+00:00,6,0.21783333333333332
2015-12-22 00:00:00+00:00,4,0.20980000000000001
2015-12-25 00:00:00+00:00,2,0.20095
2015-12-28 00:00:00+00:00,5,0.13204
2015-12-29 00:00:00+00:00,5,-0.07636
2015-12-30 00:00:00+00:00,12,0.04878333333333334
2016-01-04 00:00:00+00:00,5,0.13816
2016-01-05 00:00:00+00:00,7,-0.013599999999999992
2016-01-06 00:00:00+00:00,4,0.21345
2016-01-07 00:00:00+00:00,5,0.11717999999999999
2016-01-08 00:00:00+00:00,8,0.06691250000000001
2016-01-12 00:00:00+00:00,11,0.11531818181818182
2016-01-14 00:00:00+00:00,4,0.12765
2016-01-15 00:00:00+00:00,2,0.148
2016-01-18 00:00:00+00:00,1,-0.2263
2016-01-19 00:00:00+00:00,1,0.0
2016-01-20 00:00:00+00:00,2,-0.08895
2016-01-21 00:00:00+00:00,3,0.21593333333333334
2016-01-22 00:00:00+00:00,10,0.09164000000000001
2016-01-25 00:00:00+00:00,2,0.12055
2016-01-26 00:00:00+00:00,7,0.05381428571428572
2016-01-27 00:00:00+00:00,8,0.38815
2016-01-28 00:00:00+00:00,3,-0.12436666666666668
2016-01-29 00:00:00+00:00,12,0.11275833333333334
2016-02-01 00:00:00+00:00,1,0.6369
2016-02-02 00:00:00+00:00,5,-0.09572
2016-02-03 00:00:00+00:00,30,-0.18812
2016-02-04 00:00:00+00:00,4,-0.0683
2016-02-05 00:00:00+00:00,12,0.14838333333333334
2016-02-08 00:00:00+00:00,4,-0.038275
2016-02-09 00:00:00+00:00,3,0.33813333333333334
2016-02-10 00:00:00+00:00,10,0.13615
2016-02-12 00:00:00+00:00,4,-0.1219
2016-02-15 00:00:00+00:00,1,0.0
2016-02-16 00:00:00+00:00,2,0.0
2016-02-17 00:00:00+00:00,1,0.0
2016-02-18 00:00:00+00:00,5,-0.028880000000000006
2016-02-19 00:00:00+00:00,2,0.10115
2016-02-22 00:00:00+00:00,3,0.26406666666666667
2016-02-23 00:00:00+00:00,5,-0.04526
2016-02-24 00:00:00+00:00,2,0.0
2016-02-25 00:00:00+00:00,2,0.2787
2016-02-26 00:00:00+00:00,3,0.0
2016-02-29 00:00:00+00:00,1,0.0
2016-03-01 00:00:00+00:00,5,0.0
2016-03-02 00:00:00+00:00,5,0.06364
2016-03-03 00:00:00+00:00,3,0.2783666666666667
2016-03-04 00:00:00+00:00,3,0.0
2016-03-08 00:00:00+00:00,3,-0.13396666666666665
2016-03-09 00:00:00+00:00,12,-0.03349166666666666
2016-03-10 00:00:00+00:00,2,0.0
2016-03-11 00:00:00+00:00,5,-0.12498000000000001
2016-03-14 00:00:00+00:00,2,0.418
2016-03-15 00:00:00+00:00,1,0.6114
2016-03-16 00:00:00+00:00,2,0.0
2016-03-17 00:00:00+00:00,6,-0.2578833333333333
2016-03-18 00:00:00+00:00,6,-0.05079999999999999
2016-03-23 00:00:00+00:00,12,0.16761666666666666
2016-03-24 00:00:00+00:00,14,0.1494
2016-03-25 00:00:00+00:00,7,0.11825714285714287
2016-03-28 00:00:00+00:00,2,-0.20095
2016-03-29 00:00:00+00:00,4,0.0
2016-03-30 00:00:00+00:00,3,0.0
2016-03-31 00:00:00+00:00,3,0.0
2016-04-01 00:00:00+00:00,2,0.064
2016-04-04 00:00:00+00:00,7,0.05695714285714286
2016-04-05 00:00:00+00:00,7,0.10414285714285713
2016-04-06 00:00:00+00:00,4,0.25245
2016-04-07 00:00:00+00:00,3,0.09866666666666667
2016-04-08 00:00:00+00:00,6,0.23228333333333331
2016-04-11 00:00:00+00:00,5,-0.035300000000000005
2016-04-12 00:00:00+00:00,6,0.4870833333333333
2016-04-13 00:00:00+00:00,7,0.054157142857142855
2016-04-14 00:00:00+00:00,1,0.0
2016-04-15 00:00:00+00:00,9,-0.1355222222222222
2016-04-18 00:00:00+00:00,3,-0.08033333333333333
2016-04-19 00:00:00+00:00,3,-0.07543333333333334
2016-04-20 00:00:00+00:00,4,-0.156225
2016-04-21 00:00:00+00:00,4,0.0625
2016-04-22 00:00:00+00:00,10,0.10615000000000001
2016-04-25 00:00:00+00:00,5,0.05766
2016-04-26 00:00:00+00:00,2,0.31845
2016-04-27 00:00:00+00:00,2,0.0
2016-04-28 00:00:00+00:00,11,0.17093636363636364
2016-05-02 00:00:00+00:00,5,0.18918
2016-05-06 00:00:00+00:00,12,0.17050833333333335
2016-05-09 00:00:00+00:00,5,-0.02045999999999999
2016-05-11 00:00:00+00:00,4,-0.03887499999999999
2016-05-12 00:00:00+00:00,3,0.19593333333333338
2016-05-13 00:00:00+00:00,5,0.04046
2016-05-16 00:00:00+00:00,4,0.283525
2016-05-17 00:00:00+00:00,2,-0.0258
2016-05-18 00:00:00+00:00,9,0.042688888888888894
2016-05-19 00:00:00+00:00,6,-0.04904999999999999
2016-05-20 00:00:00+00:00,5,0.15095999999999998
2016-05-23 00:00:00+00:00,4,0.0
2016-05-24 00:00:00+00:00,10,0.05296000000000001
2016-05-25 00:00:00+00:00,4,0.08155000000000001
2016-05-26 00:00:00+00:00,3,0.2083
2016-05-27 00:00:00+00:00,10,-0.00978
2016-05-30 00:00:00+00:00,2,0.0
2016-05-31 00:00:00+00:00,6,0.2809333333333333
2016-06-01 00:00:00+00:00,3,0.1858
2016-06-02 00:00:00+00:00,3,0.21619999999999998
2016-06-03 00:00:00+00:00,3,0.0
2016-06-06 00:00:00+00:00,3,0.0
2016-06-07 00:00:00+00:00,6,0.0837
2016-06-08 00:00:00+00:00,2,-0.20095
2016-06-09 00:00:00+00:00,5,0.10212000000000002
2016-06-10 00:00:00+00:00,9,0.1492888888888889
2016-06-13 00:00:00+00:00,4,0.371275
2016-06-15 00:00:00+00:00,4,0.0
2016-06-17 00:00:00+00:00,11,0.053154545454545454
2016-06-20 00:00:00+00:00,3,0.09866666666666667
2016-06-21 00:00:00+00:00,7,0.05991428571428572
2016-06-22 00:00:00+00:00,3,0.0
2016-06-23 00:00:00+00:00,4,-0.142975
2016-06-24 00:00:00+00:00,7,-0.12764285714285714
2016-06-27 00:00:00+00:00,3,-0.1858
2016-06-28 00:00:00+00:00,3,0.005566666666666682
2016-06-29 00:00:00+00:00,8,-0.03273750000000001
2016-06-30 00:00:00+00:00,9,0.019000000000000003
2016-07-01 00:00:00+00:00,6,0.36579999999999996
2016-07-04 00:00:00+00:00,2,0.0
2016-07-05 00:00:00+00:00,2,0.29295
2016-07-06 00:00:00+00:00,4,-0.068975
2016-07-08 00:00:00+00:00,5,0.18980000000000002
2016-07-11 00:00:00+00:00,6,-0.011716666666666653
2016-07-12 00:00:00+00:00,3,0.14049999999999999
2016-07-13 00:00:00+00:00,5,0.19476
2016-07-14 00:00:00+00:00,3,0.042666666666666665
2016-07-15 00:00:00+00:00,11,0.14250909090909092
2016-07-19 00:00:00+00:00,6,0.15985
2016-07-20 00:00:00+00:00,2,0.70535
2016-07-21 00:00:00+00:00,5,0.068
2016-07-22 00:00:00+00:00,8,0.18355
2016-07-25 00:00:00+00:00,9,0.014222222222222223
2016-07-26 00:00:00+00:00,4,0.05272500000000001
2016-07-27 00:00:00+00:00,2,0.2553
2016-07-28 00:00:00+00:00,3,-0.09106666666666667
2016-07-29 00:00:00+00:00,14,0.05943571428571429
2016-08-01 00:00:00+00:00,8,0.2769375
2016-08-02 00:00:00+00:00,3,0.21230000000000002
2016-08-03 00:00:00+00:00,2,0.1366
2016-08-04 00:00:00+00:00,7,0.17900000000000002
2016-08-05 00:00:00+00:00,8,0.14515
2016-08-08 00:00:00+00:00,6,0.03771666666666667
2016-08-09 00:00:00+00:00,3,0.10606666666666666
2016-08-10 00:00:00+00:00,5,-0.08038
2016-08-12 00:00:00+00:00,8,-0.03841249999999999
2016-08-15 00:00:00+00:00,1,0.0
2016-08-16 00:00:00+00:00,3,0.35306666666666664
2016-08-17 00:00:00+00:00,3,0.0
2016-08-18 00:00:00+00:00,5,-0.10600000000000001
2016-08-19 00:00:00+00:00,5,-0.10212000000000002
2016-08-22 00:00:00+00:00,4,-0.1909
2016-08-23 00:00:00+00:00,2,0.0
2016-08-24 00:00:00+00:00,3,-0.39640000000000003
2016-08-25 00:00:00+00:00,3,-0.12040000000000001
2016-08-26 00:00:00+00:00,4,0.274125
2016-08-29 00:00:00+00:00,6,-0.12001666666666666
2016-08-30 00:00:00+00:00,6,0.06698333333333333
2016-08-31 00:00:00+00:00,5,0.24608
2016-09-01 00:00:00+00:00,3,-0.1815
2016-09-02 00:00:00+00:00,4,0.0903
2016-09-05 00:00:00+00:00,2,0.29295
2016-09-06 00:00:00+00:00,3,0.1244
2016-09-07 00:00:00+00:00,8,0.04865
2016-09-08 00:00:00+00:00,2,0.29295
2016-09-09 00:00:00+00:00,6,0.09765
2016-09-12 00:00:00+00:00,1,0.0
2016-09-13 00:00:00+00:00,3,0.1858
2016-09-14 00:00:00+00:00,5,-0.029820000000000003
2016-09-15 00:00:00+00:00,4,0.343475
2016-09-16 00:00:00+00:00,14,0.06052142857142857
2016-09-20 00:00:00+00:00,8,0.0497375
2016-09-21 00:00:00+00:00,5,0.03802
2016-09-23 00:00:00+00:00,4,0.11885
2016-09-26 00:00:00+00:00,4,0.005025000000000002
2016-09-27 00:00:00+00:00,1,0.0
2016-09-28 00:00:00+00:00,5,0.0
2016-09-29 00:00:00+00:00,14,0.0306
2016-09-30 00:00:00+00:00,6,0.02918333333333334
2016-10-03 00:00:00+00:00,11,0.002936363636363641
2016-10-04 00:00:00+00:00,4,0.092475
2016-10-05 00:00:00+00:00,6,0.03433333333333335
2016-10-06 00:00:00+00:00,3,0.21216666666666664
2016-10-07 00:00:00+00:00,3,0.0
2016-10-11 00:00:00+00:00,3,0.35836666666666667
2016-10-12 00:00:00+00:00,6,-0.04103333333333333
2016-10-13 00:00:00+00:00,6,-0.1336
2016-10-14 00:00:00+00:00,5,0.15158
2016-10-17 00:00:00+00:00,6,-0.06363333333333333
2016-10-18 00:00:00+00:00,2,0.2553
2016-10-19 00:00:00+00:00,5,-0.07636
2016-10-20 00:00:00+00:00,4,0.0
2016-10-21 00:00:00+00:00,3,0.0
2016-10-24 00:00:00+00:00,6,0.028299999999999992
2016-10-25 00:00:00+00:00,3,0.5935666666666667
2016-10-26 00:00:00+00:00,4,-0.07955
2016-10-27 00:00:00+00:00,4,0.0
2016-10-28 00:00:00+00:00,7,0.10775714285714286
2016-10-31 00:00:00+00:00,7,0.025042857142857144
2016-11-01 00:00:00+00:00,3,0.0
2016-11-02 00:00:00+00:00,6,0.20453333333333334
2016-11-04 00:00:00+00:00,11,0.07867272727272727
2016-11-07 00:00:00+00:00,5,0.16884
2016-11-08 00:00:00+00:00,4,0.274075
2016-11-09 00:00:00+00:00,7,-0.014671428571428571
2016-11-10 00:00:00+00:00,3,0.0593
2016-11-11 00:00:00+00:00,8,-0.0788625
2016-11-14 00:00:00+00:00,5,0.04046
2016-11-15 00:00:00+00:00,2,0.39135
2016-11-16 00:00:00+00:00,3,0.19063333333333332
2016-11-17 00:00:00+00:00,7,0.07294285714285716
2016-11-18 00:00:00+00:00,3,0.16463333333333333
2016-11-21 00:00:00+00:00,7,0.067
2016-11-22 00:00:00+00:00,13,-0.06768461538461537
2016-11-25 00:00:00+00:00,4,-0.044475
2016-11-28 00:00:00+00:00,3,-0.032299999999999995
2016-11-29 00:00:00+00:00,2,0.0
2016-11-30 00:00:00+00:00,4,0.0
2016-12-01 00:00:00+00:00,7,0.1535571428571429
2016-12-02 00:00:00+00:00,5,0.21933999999999995
2016-12-05 00:00:00+00:00,6,0.07024999999999999
2016-12-06 00:00:00+00:00,9,0.1149
2016-12-07 00:00:00+00:00,3,-0.043933333333333324
2016-12-08 00:00:00+00:00,4,0.09545
2016-12-09 00:00:00+00:00,8,0.227975
2016-12-12 00:00:00+00:00,3,0.0
2016-12-13 00:00:00+00:00,7,0.07087142857142857
2016-12-14 00:00:00+00:00,5,0.07224
2016-12-15 00:00:00+00:00,5,0.20776
2016-12-16 00:00:00+00:00,3,0.14049999999999999
2016-12-19 00:00:00+00:00,8,0.1453375
2016-12-20 00:00:00+00:00,3,-0.05103333333333334
2016-12-21 00:00:00+00:00,6,0.32661666666666667
2016-12-22 00:00:00+00:00,7,0.14111428571428572
2016-12-26 00:00:00+00:00,4,0.164925
2016-12-27 00:00:00+00:00,1,0.4019
2016-12-28 00:00:00+00:00,3,-0.21230000000000002
2016-12-30 00:00:00+00:00,7,-0.049085714285714274
2017-01-04 00:00:00+00:00,5,0.40692000000000006
2017-01-05 00:00:00+00:00,11,0.09334545454545454
2017-01-06 00:00:00+00:00,23,0.16476521739130434
2017-01-11 00:00:00+00:00,2,0.0
2017-01-12 00:00:00+00:00,3,0.25323333333333337
2017-01-13 00:00:00+00:00,6,0.0
2017-01-16 00:00:00+00:00,2,0.4704
2017-01-17 00:00:00+00:00,2,0.04600000000000001
2017-01-18 00:00:00+00:00,3,0.5177
2017-01-20 00:00:00+00:00,8,0.05162499999999998
2017-01-23 00:00:00+00:00,5,-0.19624
2017-01-24 00:00:00+00:00,6,0.10236666666666666
2017-01-25 00:00:00+00:00,8,0.2023875
2017-01-27 00:00:00+00:00,1,0.0
2017-01-30 00:00:00+00:00,6,-0.05933333333333333
2017-01-31 00:00:00+00:00,5,0.10538
2017-02-01 00:00:00+00:00,4,0.049375000000000016
2017-02-02 00:00:00+00:00,5,0.1341
2017-02-03 00:00:00+00:00,5,-0.0256
2017-02-06 00:00:00+00:00,4,-0.051425
2017-02-07 00:00:00+00:00,5,0.33906000000000003
2017-02-08 00:00:00+00:00,4,0.131675
2017-02-09 00:00:00+00:00,6,0.3559666666666667
2017-02-10 00:00:00+00:00,2,0.0129
2017-02-13 00:00:00+00:00,2,0.14415
2017-02-14 00:00:00+00:00,4,0.0
2017-02-15 00:00:00+00:00,6,0.00605
2017-02-16 00:00:00+00:00,4,0.18595
2017-02-17 00:00:00+00:00,4,0.22394999999999998
2017-02-21 00:00:00+00:00,5,-0.059199999999999996
2017-02-22 00:00:00+00:00,6,0.3592166666666667
2017-02-23 00:00:00+00:00,19,-0.02414736842105263
2017-02-24 00:00:00+00:00,9,-0.04242222222222222
2017-02-27 00:00:00+00:00,2,0.0
2017-02-28 00:00:00+00:00,4,0.0
2017-03-01 00:00:00+00:00,5,0.1486
2017-03-02 00:00:00+00:00,2,-0.34
2017-03-03 00:00:00+00:00,3,0.0
2017-03-06 00:00:00+00:00,1,0.0
2017-03-07 00:00:00+00:00,6,0.0
2017-03-08 00:00:00+00:00,5,-0.22738
2017-03-09 00:00:00+00:00,5,0.0
2017-03-10 00:00:00+00:00,6,0.00758333333333334
2017-03-13 00:00:00+00:00,5,0.056420000000000005
2017-03-14 00:00:00+00:00,5,0.17952
2017-03-15 00:00:00+00:00,4,-0.135575
2017-03-16 00:00:00+00:00,4,0.1147
2017-03-17 00:00:00+00:00,4,-0.09545
2017-03-21 00:00:00+00:00,3,0.025733333333333334
2017-03-22 00:00:00+00:00,3,-0.05983333333333332
2017-03-23 00:00:00+00:00,4,0.100475
2017-03-24 00:00:00+00:00,7,-0.012642857142857138
2017-03-27 00:00:00+00:00,4,-0.025675
2017-03-28 00:00:00+00:00,6,-0.04203333333333333
2017-03-29 00:00:00+00:00,5,0.12654
2017-03-30 00:00:00+00:00,4,0.1101
2017-03-31 00:00:00+00:00,14,0.07432857142857142
2017-04-03 00:00:00+00:00,3,-0.12726666666666667
2017-04-04 00:00:00+00:00,1,0.0
2017-04-05 00:00:00+00:00,2,0.02150000000000002
2017-04-07 00:00:00+00:00,2,0.1357
2017-04-10 00:00:00+00:00,16,0.06761249999999999
2017-04-11 00:00:00+00:00,5,0.19232
2017-04-12 00:00:00+00:00,17,0.18115882352941176
2017-04-13 00:00:00+00:00,3,0.41016666666666673
2017-04-14 00:00:00+00:00,4,-0.045725000000000016
2017-04-17 00:00:00+00:00,4,0.19424999999999998
2017-04-19 00:00:00+00:00,14,0.0649
2017-04-20 00:00:00+00:00,4,0.0
2017-04-21 00:00:00+00:00,5,0.38198
2017-04-24 00:00:00+00:00,6,-0.3068666666666667
2017-04-25 00:00:00+00:00,1,0.0
2017-04-26 00:00:00+00:00,2,0.0
2017-04-27 00:00:00+00:00,3,-0.05103333333333334
2017-04-28 00:00:00+00:00,3,-0.10966666666666668
2017-05-02 00:00:00+00:00,22,0.06987727272727273
2017-05-08 00:00:00+00:00,6,0.012866666666666667
2017-05-09 00:00:00+00:00,3,0.15293333333333334
2017-05-10 00:00:00+00:00,7,0.04202857142857143
2017-05-11 00:00:00+00:00,3,0.19583333333333333
2017-05-12 00:00:00+00:00,6,0.1474
2017-05-15 00:00:00+00:00,5,0.1252
2017-05-16 00:00:00+00:00,5,0.17638
2017-05-17 00:00:00+00:00,6,0.06363333333333333
2017-05-18 00:00:00+00:00,7,-0.12662857142857142
2017-05-19 00:00:00+00:00,5,0.12223999999999999
2017-05-22 00:00:00+00:00,5,0.15474
2017-05-23 00:00:00+00:00,4,0.1101
2017-05-24 00:00:00+00:00,2,0.21075
2017-05-25 00:00:00+00:00,1,0.8957
2017-05-26 00:00:00+00:00,6,0.13786666666666667
2017-05-29 00:00:00+00:00,1,-0.0516
2017-05-30 00:00:00+00:00,2,0.2202
2017-05-31 00:00:00+00:00,4,-0.010449999999999987
2017-06-01 00:00:00+00:00,6,-0.12465
2017-06-02 00:00:00+00:00,9,0.01014444444444444
2017-06-05 00:00:00+00:00,3,-0.044233333333333326
2017-06-06 00:00:00+00:00,2,0.2628
2017-06-08 00:00:00+00:00,2,0.0
2017-06-09 00:00:00+00:00,4,0.21795
2017-06-12 00:00:00+00:00,3,0.10606666666666666
2017-06-13 00:00:00+00:00,2,0.3173
2017-06-14 00:00:00+00:00,17,-0.01831176470588235
2017-06-15 00:00:00+00:00,5,-0.03366
2017-06-16 00:00:00+00:00,8,-0.027399999999999997
2017-06-19 00:00:00+00:00,3,0.09353333333333334
2017-06-20 00:00:00+00:00,2,-0.31245
2017-06-21 00:00:00+00:00,14,0.013185714285714282
2017-06-22 00:00:00+00:00,3,0.0
2017-06-23 00:00:00+00:00,4,0.16215
2017-06-26 00:00:00+00:00,6,0.35438333333333333
2017-06-28 00:00:00+00:00,3,0.15293333333333334
2017-06-29 00:00:00+00:00,2,0.0
2017-06-30 00:00:00+00:00,3,0.17663333333333334
2017-07-03 00:00:00+00:00,3,0.19063333333333332
2017-07-06 00:00:00+00:00,10,0.14756
2017-07-07 00:00:00+00:00,5,0.04046
2017-07-10 00:00:00+00:00,6,0.19185
2017-07-11 00:00:00+00:00,6,-0.08744999999999999
2017-07-12 00:00:00+00:00,6,0.0006000000000000004
2017-07-14 00:00:00+00:00,12,0.1759666666666667
2017-07-17 00:00:00+00:00,3,0.0
2017-07-18 00:00:00+00:00,7,0.050499999999999996
2017-07-19 00:00:00+00:00,4,0.121825
2017-07-20 00:00:00+00:00,1,0.0
2017-07-21 00:00:00+00:00,9,0.12346666666666667
2017-07-24 00:00:00+00:00,5,0.041620000000000004
2017-07-25 00:00:00+00:00,8,0.10041249999999999
2017-07-26 00:00:00+00:00,3,-0.12726666666666667
2017-07-27 00:00:00+00:00,3,0.09866666666666667
2017-07-28 00:00:00+00:00,4,0.376
2017-07-31 00:00:00+00:00,4,0.195925
2017-08-01 00:00:00+00:00,1,0.4939
2017-08-02 00:00:00+00:00,4,0.0
2017-08-03 00:00:00+00:00,3,0.10186666666666666
2017-08-04 00:00:00+00:00,19,0.05286315789473684
2017-08-07 00:00:00+00:00,4,0.0
2017-08-08 00:00:00+00:00,2,-0.1909
2017-08-09 00:00:00+00:00,4,-0.09545
2017-08-10 00:00:00+00:00,4,0.168775
2017-08-11 00:00:00+00:00,4,-0.007749999999999993
2017-08-14 00:00:00+00:00,2,0.28595
2017-08-15 00:00:00+00:00,4,-0.09545
2017-08-16 00:00:00+00:00,4,0.0
2017-08-17 00:00:00+00:00,9,0.20527777777777778
2017-08-18 00:00:00+00:00,4,0.218
2017-08-21 00:00:00+00:00,4,0.21265000000000003
2017-08-23 00:00:00+00:00,6,0.2017
2017-08-24 00:00:00+00:00,5,0.03258
2017-08-25 00:00:00+00:00,4,0.0625
2017-08-28 00:00:00+00:00,6,0.12251666666666666
2017-08-29 00:00:00+00:00,3,0.07966666666666665
2017-08-30 00:00:00+00:00,2,0.0
2017-08-31 00:00:00+00:00,2,0.0386
2017-09-01 00:00:00+00:00,7,0.1093857142857143
2017-09-05 00:00:00+00:00,5,-0.00516
2017-09-06 00:00:00+00:00,7,0.13210000000000002
2017-09-08 00:00:00+00:00,10,0.048920000000000005
2017-09-11 00:00:00+00:00,1,0.0
2017-09-12 00:00:00+00:00,8,0.0
2017-09-14 00:00:00+00:00,7,-0.043814285714285715
2017-09-15 00:00:00+00:00,7,0.2937857142857143
2017-09-18 00:00:00+00:00,2,0.3182
2017-09-19 00:00:00+00:00,4,0.091775
2017-09-20 00:00:00+00:00,3,0.2094
2017-09-21 00:00:00+00:00,2,0.33185000000000003
2017-09-22 00:00:00+00:00,1,0.802
2017-09-25 00:00:00+00:00,2,0.38865000000000005
2017-09-26 00:00:00+00:00,10,0.13494
2017-09-27 00:00:00+00:00,10,0.09339
2017-09-28 00:00:00+00:00,10,0.13586
2017-09-29 00:00:00+00:00,4,0.0
2017-10-02 00:00:00+00:00,1,-0.128
2017-10-03 00:00:00+00:00,4,0.1101
2017-10-04 00:00:00+00:00,3,0.0
2017-10-05 00:00:00+00:00,6,-0.08778333333333332
2017-10-06 00:00:00+00:00,5,0.09508
2017-10-09 00:00:00+00:00,2,0.23835
2017-10-10 00:00:00+00:00,3,0.0
2017-10-11 00:00:00+00:00,4,0.234475
2017-10-12 00:00:00+00:00,3,0.0
2017-10-13 00:00:00+00:00,5,0.11148
2017-10-16 00:00:00+00:00,7,-0.0034857142857142864
2017-10-18 00:00:00+00:00,8,0.0
2017-10-19 00:00:00+00:00,7,0.08820000000000001
2017-10-20 00:00:00+00:00,3,0.24796666666666667
2017-10-23 00:00:00+00:00,6,0.06998333333333333
2017-10-24 00:00:00+00:00,4,-0.07069999999999999
2017-10-25 00:00:00+00:00,9,0.008044444444444446
2017-10-26 00:00:00+00:00,4,0.24059999999999998
2017-10-27 00:00:00+00:00,5,0.05364
2017-10-30 00:00:00+00:00,7,0.13594285714285714
2017-10-31 00:00:00+00:00,4,0.09145
2017-11-01 00:00:00+00:00,6,0.18986666666666666
2017-11-02 00:00:00+00:00,3,0.0
2017-11-03 00:00:00+00:00,6,-0.028583333333333325
2017-11-06 00:00:00+00:00,1,0.0
2017-11-07 00:00:00+00:00,2,-0.064
2017-11-08 00:00:00+00:00,3,0.0
2017-11-09 00:00:00+00:00,2,0.0
2017-11-10 00:00:00+00:00,4,-0.16297499999999998
2017-11-13 00:00:00+00:00,2,0.125
2017-11-14 00:00:00+00:00,3,0.14049999999999999
2017-11-15 00:00:00+00:00,4,-0.09545
2017-11-16 00:00:00+00:00,6,-0.03771666666666667
2017-11-17 00:00:00+00:00,10,0.1809
2017-11-20 00:00:00+00:00,8,0.2767
2017-11-21 00:00:00+00:00,9,0.009044444444444435
2017-11-22 00:00:00+00:00,6,-0.0089
2017-11-23 00:00:00+00:00,2,0.0
2017-11-24 00:00:00+00:00,1,0.0
2017-11-27 00:00:00+00:00,4,0.241925
2017-11-28 00:00:00+00:00,4,0.181725
2017-11-29 00:00:00+00:00,5,0.29764
2017-11-30 00:00:00+00:00,9,0.09924444444444445
2017-12-01 00:00:00+00:00,4,0.0
2017-12-04 00:00:00+00:00,7,0.0329
2017-12-05 00:00:00+00:00,3,0.5129
2017-12-06 00:00:00+00:00,3,0.2740666666666667
2017-12-07 00:00:00+00:00,2,0.2202
2017-12-08 00:00:00+00:00,8,0.11726249999999999
2017-12-11 00:00:00+00:00,6,0.13723333333333332
2017-12-12 00:00:00+00:00,2,0.0
2017-12-13 00:00:00+00:00,10,0.09093
2017-12-14 00:00:00+00:00,3,0.4054333333333333
2017-12-15 00:00:00+00:00,9,0.21761111111111112
2017-12-18 00:00:00+00:00,15,0.12816666666666668
2017-12-19 00:00:00+00:00,8,0.023999999999999994
2017-12-20 00:00:00+00:00,2,0.1909
2017-12-21 00:00:00+00:00,4,0.04272500000000003
2017-12-22 00:00:00+00:00,4,-0.12110000000000001
2017-12-25 00:00:00+00:00,1,0.0
2017-12-26 00:00:00+00:00,1,0.0
2017-12-28 00:00:00+00:00,4,0.11850000000000001
2017-12-29 00:00:00+00:00,4,0.0903
2018-01-01 00:00:00+00:00,1,0.0
2018-01-02 00:00:00+00:00,1,0.2023
2018-01-03 00:00:00+00:00,1,0.0
2018-01-04 00:00:00+00:00,3,0.0
2018-01-05 00:00:00+00:00,3,0.0
2018-01-08 00:00:00+00:00,8,0.229325
2018-01-09 00:00:00+00:00,13,0.0446
2018-01-10 00:00:00+00:00,9,0.11364444444444444
2018-01-11 00:00:00+00:00,8,-0.0425
2018-01-12 00:00:00+00:00,7,0.3114
2018-01-15 00:00:00+00:00,9,0.30343333333333333
2018-01-16 00:00:00+00:00,6,0.2424166666666667
2018-01-17 00:00:00+00:00,5,0.19054
2018-01-18 00:00:00+00:00,4,0.100475
2018-01-19 00:00:00+00:00,4,0.272475
2018-01-22 00:00:00+00:00,1,-0.128
2018-01-23 00:00:00+00:00,1,0.128
2018-01-24 00:00:00+00:00,1,0.2023
2018-01-25 00:00:00+00:00,4,0.37485
2018-01-26 00:00:00+00:00,4,0.15860000000000002
2018-01-29 00:00:00+00:00,1,0.0
2018-01-30 00:00:00+00:00,4,0.1895
2018-01-31 00:00:00+00:00,2,0.11315
2018-02-01 00:00:00+00:00,4,0.074
2018-02-02 00:00:00+00:00,10,0.12778
2018-02-05 00:00:00+00:00,1,0.0
2018-02-06 00:00:00+00:00,4,-0.038724999999999996
2018-02-07 00:00:00+00:00,4,-0.127975
2018-02-08 00:00:00+00:00,7,0.02205714285714286
2018-02-09 00:00:00+00:00,4,0.19125
2018-02-12 00:00:00+00:00,7,-0.09085714285714286
2018-02-13 00:00:00+00:00,4,0.24887499999999999
2018-02-14 00:00:00+00:00,7,0.26312857142857143
2018-02-15 00:00:00+00:00,3,0.0
2018-02-16 00:00:00+00:00,7,0.1175857142857143
2018-02-19 00:00:00+00:00,5,-0.07636
2018-02-20 00:00:00+00:00,2,0.03260000000000002
2018-02-21 00:00:00+00:00,3,0.3197666666666667
2018-02-22 00:00:00+00:00,5,0.04738
2018-02-23 00:00:00+00:00,6,-0.11966666666666666
2018-02-26 00:00:00+00:00,13,0.09093846153846154
2018-02-27 00:00:00+00:00,1,0.5719
2018-02-28 00:00:00+00:00,3,0.32706666666666667
2018-03-02 00:00:00+00:00,2,0.2202
2018-03-05 00:00:00+00:00,3,-0.22646666666666668
2018-03-06 00:00:00+00:00,10,-0.01715
2018-03-07 00:00:00+00:00,4,0.085
2018-03-08 00:00:00+00:00,1,0.3612
2018-03-09 00:00:00+00:00,3,0.13396666666666665
2018-03-12 00:00:00+00:00,1,0.0
2018-03-13 00:00:00+00:00,6,0.16871666666666665
2018-03-14 00:00:00+00:00,3,0.0
2018-03-15 00:00:00+00:00,1,0.0
2018-03-16 00:00:00+00:00,2,0.21075
2018-03-19 00:00:00+00:00,2,0.2202
2018-03-20 00:00:00+00:00,5,0.08893999999999999
2018-03-21 00:00:00+00:00,8,0.1016
2018-03-22 00:00:00+00:00,1,0.0
2018-03-23 00:00:00+00:00,10,0.19843
2018-03-26 00:00:00+00:00,6,-0.1676
2018-03-27 00:00:00+00:00,2,0.0
2018-03-28 00:00:00+00:00,18,0.08891666666666667
2018-03-29 00:00:00+00:00,5,-0.16788
2018-03-30 00:00:00+00:00,7,0.1689857142857143
2018-04-02 00:00:00+00:00,5,0.12738
2018-04-03 00:00:00+00:00,5,0.20894
2018-04-04 00:00:00+00:00,2,-0.35
2018-04-05 00:00:00+00:00,5,0.32514
2018-04-06 00:00:00+00:00,6,0.03688333333333333
2018-04-09 00:00:00+00:00,2,0.32985
2018-04-10 00:00:00+00:00,2,-0.16860000000000003
2018-04-11 00:00:00+00:00,6,0.20826666666666668
2018-04-12 00:00:00+00:00,3,0.30516666666666664
2018-04-13 00:00:00+00:00,5,0.0465
2018-04-16 00:00:00+00:00,4,-0.152025
2018-04-17 00:00:00+00:00,7,0.07500000000000002
2018-04-18 00:00:00+00:00,1,0.4215
2018-04-19 00:00:00+00:00,4,-0.1101
2018-04-20 00:00:00+00:00,5,0.25976
2018-04-23 00:00:00+00:00,9,-0.008433333333333336
2018-04-24 00:00:00+00:00,1,0.4404
2018-04-25 00:00:00+00:00,6,0.08231666666666666
2018-04-26 00:00:00+00:00,6,0.2612
2018-04-27 00:00:00+00:00,12,0.24860833333333332
2018-04-30 00:00:00+00:00,4,0.0193
2018-05-01 00:00:00+00:00,2,0.05135
2018-05-02 00:00:00+00:00,5,0.27904
2018-05-03 00:00:00+00:00,6,-0.016433333333333338
2018-05-04 00:00:00+00:00,14,0.18894285714285713
2018-05-07 00:00:00+00:00,6,0.060383333333333344
2018-05-08 00:00:00+00:00,4,-0.028974999999999994
2018-05-09 00:00:00+00:00,5,-0.0256
2018-05-10 00:00:00+00:00,1,0.0
2018-05-11 00:00:00+00:00,5,0.0
2018-05-14 00:00:00+00:00,6,0.11276666666666668
2018-05-15 00:00:00+00:00,4,0.20584999999999998
2018-05-16 00:00:00+00:00,1,0.0
2018-05-17 00:00:00+00:00,6,0.021333333333333333
2018-05-18 00:00:00+00:00,2,-0.1909
2018-05-21 00:00:00+00:00,5,0.153
2018-05-24 00:00:00+00:00,3,0.2612333333333334
2018-05-25 00:00:00+00:00,8,0.0443625
2018-05-28 00:00:00+00:00,1,0.0
2018-05-29 00:00:00+00:00,9,0.14697777777777776
2018-05-30 00:00:00+00:00,1,-0.4019
2018-05-31 00:00:00+00:00,6,0.0397
2018-06-01 00:00:00+00:00,5,-0.043859999999999996
2018-06-04 00:00:00+00:00,4,0.056575
2018-06-05 00:00:00+00:00,3,0.0
2018-06-06 00:00:00+00:00,2,0.1806
2018-06-07 00:00:00+00:00,2,0.0801
2018-06-08 00:00:00+00:00,4,0.215475
2018-06-11 00:00:00+00:00,6,0.3370666666666667
2018-06-12 00:00:00+00:00,4,0.0
2018-06-13 00:00:00+00:00,5,0.061
2018-06-14 00:00:00+00:00,3,-0.06743333333333333
2018-06-15 00:00:00+00:00,10,0.35572
2018-06-18 00:00:00+00:00,7,0.30169999999999997
2018-06-19 00:00:00+00:00,4,0.20335
2018-06-20 00:00:00+00:00,4,0.13935
2018-06-21 00:00:00+00:00,4,0.26785000000000003
2018-06-22 00:00:00+00:00,2,0.11315
2018-06-25 00:00:00+00:00,4,0.26295
2018-06-26 00:00:00+00:00,9,0.18324444444444443
2018-06-27 00:00:00+00:00,8,0.0897625
2018-06-28 00:00:00+00:00,3,0.0
2018-06-29 00:00:00+00:00,7,0.16278571428571428
2018-07-02 00:00:00+00:00,1,0.0
2018-07-03 00:00:00+00:00,2,0.1591
2018-07-04 00:00:00+00:00,1,0.0
2018-07-05 00:00:00+00:00,6,0.04933333333333333
2018-07-06 00:00:00+00:00,4,0.0
2018-07-09 00:00:00+00:00,1,0.0
2018-07-10 00:00:00+00:00,3,0.0
2018-07-11 00:00:00+00:00,3,0.03929999999999997
2018-07-12 00:00:00+00:00,3,0.10606666666666666
2018-07-13 00:00:00+00:00,10,0.15265
2018-07-16 00:00:00+00:00,6,-0.039683333333333334
2018-07-17 00:00:00+00:00,6,0.00943333333333334
2018-07-18 00:00:00+00:00,2,0.1909
2018-07-19 00:00:00+00:00,8,-0.1660375
2018-07-20 00:00:00+00:00,7,0.20284285714285716
2018-07-23 00:00:00+00:00,7,0.13501428571428573
2018-07-24 00:00:00+00:00,7,0.22528571428571428
2018-07-25 00:00:00+00:00,3,-0.10153333333333332
2018-07-26 00:00:00+00:00,4,0.05437499999999999
2018-07-27 00:00:00+00:00,8,0.002512500000000001
2018-07-30 00:00:00+00:00,1,0.4767
2018-07-31 00:00:00+00:00,7,0.0516
2018-08-01 00:00:00+00:00,3,0.025733333333333334
2018-08-02 00:00:00+00:00,2,0.0
2018-08-03 00:00:00+00:00,5,0.1252
2018-08-06 00:00:00+00:00,5,0.24564
2018-08-07 00:00:00+00:00,3,0.32020000000000004
2018-08-09 00:00:00+00:00,4,0.0
2018-08-10 00:00:00+00:00,7,0.17712857142857144
2018-08-13 00:00:00+00:00,4,0.2087
2018-08-14 00:00:00+00:00,3,0.14049999999999999
2018-08-15 00:00:00+00:00,3,0.0
2018-08-16 00:00:00+00:00,10,0.21764
2018-08-17 00:00:00+00:00,10,0.24844
2018-08-20 00:00:00+00:00,6,-0.2874
2018-08-21 00:00:00+00:00,4,0.12765
2018-08-22 00:00:00+00:00,3,0.09746666666666666
2018-08-23 00:00:00+00:00,2,0.0386
2018-08-24 00:00:00+00:00,3,0.2715
2018-08-27 00:00:00+00:00,10,-0.005520000000000002
2018-08-28 00:00:00+00:00,5,0.16899999999999998
2018-08-29 00:00:00+00:00,4,0.0
2018-08-30 00:00:00+00:00,2,0.20095
2018-08-31 00:00:00+00:00,2,0.0
2018-09-03 00:00:00+00:00,1,0.0
2018-09-04 00:00:00+00:00,4,-0.122675
2018-09-05 00:00:00+00:00,12,-0.25305
2018-09-06 00:00:00+00:00,3,-0.33370000000000005
2018-09-07 00:00:00+00:00,3,0.34426666666666667
2018-09-10 00:00:00+00:00,5,-0.028080000000000004
2018-09-11 00:00:00+00:00,1,0.0
2018-09-12 00:00:00+00:00,1,0.0
2018-09-13 00:00:00+00:00,8,0.108975
2018-09-14 00:00:00+00:00,5,0.18841999999999998
2018-09-17 00:00:00+00:00,7,0.10870000000000002
2018-09-18 00:00:00+00:00,6,0.13536666666666666
2018-09-19 00:00:00+00:00,5,0.11069999999999999
2018-09-20 00:00:00+00:00,7,-0.11071428571428572
2018-09-21 00:00:00+00:00,3,0.2633666666666667
2018-09-24 00:00:00+00:00,9,0.20876666666666666
2018-09-25 00:00:00+00:00,6,0.06971666666666666
2018-09-26 00:00:00+00:00,2,0.5966
2018-09-27 00:00:00+00:00,4,0.100475
2018-09-28 00:00:00+00:00,8,0.2274125
2018-10-01 00:00:00+00:00,4,0.14942499999999997
2018-10-02 00:00:00+00:00,7,0.15047142857142856
2018-10-03 00:00:00+00:00,2,0.0
2018-10-04 00:00:00+00:00,7,0.039028571428571426
2018-10-05 00:00:00+00:00,16,-0.0848125
2018-10-08 00:00:00+00:00,3,-0.09866666666666667
2018-10-09 00:00:00+00:00,2,0.0
2018-10-10 00:00:00+00:00,5,0.07202
2018-10-11 00:00:00+00:00,1,0.4767
2018-10-12 00:00:00+00:00,11,0.23981818181818182
2018-10-15 00:00:00+00:00,3,0.28076666666666666
2018-10-16 00:00:00+00:00,4,0.189475
2018-10-17 00:00:00+00:00,3,0.13396666666666665
2018-10-18 00:00:00+00:00,5,-0.0256
2018-10-19 00:00:00+00:00,4,0.211375
2018-10-22 00:00:00+00:00,3,0.2785666666666667
2018-10-23 00:00:00+00:00,3,0.025733333333333334
2018-10-24 00:00:00+00:00,2,0.0
2018-10-25 00:00:00+00:00,3,0.15796666666666667
2018-10-26 00:00:00+00:00,1,0.5325
2018-10-29 00:00:00+00:00,1,0.0
2018-10-30 00:00:00+00:00,6,-0.017116666666666665
2018-10-31 00:00:00+00:00,4,0.183
2018-11-01 00:00:00+00:00,1,0.0
2018-11-02 00:00:00+00:00,5,0.21812
2018-11-05 00:00:00+00:00,2,0.0
2018-11-08 00:00:00+00:00,3,0.28709999999999997
2018-11-12 00:00:00+00:00,1,0.0
2018-11-13 00:00:00+00:00,2,0.10959999999999999
2018-11-15 00:00:00+00:00,9,0.2690444444444445
2018-11-16 00:00:00+00:00,17,0.13927058823529412
2018-11-19 00:00:00+00:00,3,0.0
2018-11-20 00:00:00+00:00,17,0.07617647058823529
2018-11-21 00:00:00+00:00,4,0.07955
2018-11-22 00:00:00+00:00,1,0.3612
2018-11-23 00:00:00+00:00,5,0.08889999999999999
2018-11-26 00:00:00+00:00,4,0.2923
2018-11-27 00:00:00+00:00,4,0.1096
2018-11-28 00:00:00+00:00,7,-0.08782857142857144
2018-11-29 00:00:00+00:00,8,0.21975
2018-11-30 00:00:00+00:00,10,0.15477000000000002
2018-12-03 00:00:00+00:00,1,0.0
2018-12-04 00:00:00+00:00,2,-0.24695
2018-12-05 00:00:00+00:00,11,0.06724545454545455
2018-12-06 00:00:00+00:00,5,0.0843
2018-12-07 00:00:00+00:00,4,0.0
2018-12-10 00:00:00+00:00,5,0.15478
2018-12-11 00:00:00+00:00,3,0.18253333333333335
2018-12-12 00:00:00+00:00,6,0.031133333333333336
2018-12-13 00:00:00+00:00,9,-0.06238888888888889
2018-12-14 00:00:00+00:00,6,-0.05829999999999997
2018-12-17 00:00:00+00:00,5,0.24455999999999997
2018-12-18 00:00:00+00:00,7,0.11935714285714287
2018-12-19 00:00:00+00:00,6,0.14648333333333335
2018-12-20 00:00:00+00:00,7,0.07562857142857142
2018-12-21 00:00:00+00:00,8,-0.0927375
2018-12-25 00:00:00+00:00,1,-0.4939
2018-12-26 00:00:00+00:00,1,0.4939
2018-12-27 00:00:00+00:00,3,-0.023866666666666665
2018-12-28 00:00:00+00:00,6,0.025133333333333337
2018-12-31 00:00:00+00:00,5,-0.12382
2019-01-04 00:00:00+00:00,3,-0.042666666666666665
2019-01-07 00:00:00+00:00,6,0.23538333333333336
2019-01-08 00:00:00+00:00,3,0.03443333333333334
2019-01-09 00:00:00+00:00,5,-0.06132
2019-01-10 00:00:00+00:00,4,-0.044475
2019-01-11 00:00:00+00:00,28,0.08445
2019-01-15 00:00:00+00:00,6,0.14728333333333335
2019-01-16 00:00:00+00:00,2,-0.21075
2019-01-17 00:00:00+00:00,6,-0.14756666666666665
2019-01-18 00:00:00+00:00,8,0.1839
2019-01-21 00:00:00+00:00,1,0.0
2019-01-22 00:00:00+00:00,3,0.4392333333333333
2019-01-23 00:00:00+00:00,4,0.1849
2019-01-24 00:00:00+00:00,2,0.0
2019-01-25 00:00:00+00:00,1,-0.0572
2019-01-28 00:00:00+00:00,5,0.0
2019-01-29 00:00:00+00:00,2,0.0381
2019-01-30 00:00:00+00:00,5,-0.07636
2019-01-31 00:00:00+00:00,2,0.21075
2019-02-01 00:00:00+00:00,3,0.4712
2019-02-05 00:00:00+00:00,2,0.0
2019-02-06 00:00:00+00:00,2,0.0
2019-02-07 00:00:00+00:00,4,0.0
2019-02-08 00:00:00+00:00,15,0.012706666666666668
2019-02-12 00:00:00+00:00,15,0.029966666666666666
2019-02-13 00:00:00+00:00,7,0.14412857142857144
2019-02-14 00:00:00+00:00,3,0.0
2019-02-15 00:00:00+00:00,7,0.18842857142857142
2019-02-18 00:00:00+00:00,7,0.06810000000000001
2019-02-19 00:00:00+00:00,3,-0.05856666666666668
2019-02-20 00:00:00+00:00,3,0.055733333333333336
2019-02-21 00:00:00+00:00,4,0.02292499999999999
2019-02-22 00:00:00+00:00,9,0.12056666666666666
2019-02-25 00:00:00+00:00,1,0.6369
2019-02-26 00:00:00+00:00,12,0.20231666666666667
2019-02-27 00:00:00+00:00,1,0.0
2019-02-28 00:00:00+00:00,2,0.0
2019-03-01 00:00:00+00:00,12,0.07864166666666667
2019-03-04 00:00:00+00:00,1,0.34
2019-03-05 00:00:00+00:00,4,0.12115
2019-03-06 00:00:00+00:00,5,0.09324
2019-03-08 00:00:00+00:00,4,0.1541
2019-03-11 00:00:00+00:00,2,0.0
2019-03-12 00:00:00+00:00,5,0.3919
2019-03-13 00:00:00+00:00,7,-0.03232857142857143
2019-03-14 00:00:00+00:00,8,0.047662500000000003
2019-03-15 00:00:00+00:00,5,0.1601
2019-03-18 00:00:00+00:00,10,0.11244000000000001
2019-03-19 00:00:00+00:00,2,0.46655
2019-03-20 00:00:00+00:00,6,0.033716666666666666
2019-03-22 00:00:00+00:00,3,0.25020000000000003
2019-03-25 00:00:00+00:00,4,0.1806
2019-03-26 00:00:00+00:00,1,0.0
2019-03-27 00:00:00+00:00,5,0.0
2019-03-28 00:00:00+00:00,6,0.0
2019-03-29 00:00:00+00:00,10,0.19119999999999998
2019-04-01 00:00:00+00:00,7,0.08721428571428572
2019-04-02 00:00:00+00:00,5,-0.059199999999999996
2019-04-03 00:00:00+00:00,10,0.16960999999999998
2019-04-04 00:00:00+00:00,5,0.14342
2019-04-05 00:00:00+00:00,5,0.0
2019-04-08 00:00:00+00:00,2,0.2553
2019-04-09 00:00:00+00:00,2,-0.064
2019-04-10 00:00:00+00:00,4,0.085
2019-04-12 00:00:00+00:00,3,0.12726666666666667
2019-04-15 00:00:00+00:00,1,0.0
2019-04-16 00:00:00+00:00,3,0.06743333333333333
2019-04-17 00:00:00+00:00,10,0.07561
2019-04-18 00:00:00+00:00,4,0.23704999999999998
2019-04-19 00:00:00+00:00,3,0.45879999999999993
2019-04-22 00:00:00+00:00,3,0.12040000000000001
2019-04-23 00:00:00+00:00,6,0.09416666666666666
2019-04-24 00:00:00+00:00,2,-0.3938
2019-04-25 00:00:00+00:00,4,0.170875
2019-04-26 00:00:00+00:00,36,0.10398611111111111
2019-05-07 00:00:00+00:00,6,0.20726666666666668
2019-05-08 00:00:00+00:00,3,0.5185
2019-05-09 00:00:00+00:00,3,0.24080000000000001
2019-05-10 00:00:00+00:00,14,0.3173071428571429
2019-05-13 00:00:00+00:00,3,0.3218666666666667
2019-05-14 00:00:00+00:00,3,0.12726666666666667
2019-05-15 00:00:00+00:00,7,0.06291428571428571
2019-05-16 00:00:00+00:00,5,0.09722
2019-05-17 00:00:00+00:00,10,0.14516
2019-05-20 00:00:00+00:00,6,0.020849999999999997
2019-05-21 00:00:00+00:00,4,0.11017500000000001
2019-05-22 00:00:00+00:00,4,0.37385
2019-05-23 00:00:00+00:00,4,0.0
2019-05-24 00:00:00+00:00,4,0.31455
2019-05-27 00:00:00+00:00,2,0.5292
2019-05-28 00:00:00+00:00,1,0.0
2019-05-29 00:00:00+00:00,1,0.4215
2019-05-30 00:00:00+00:00,4,0.0
2019-05-31 00:00:00+00:00,1,0.6597
2019-06-03 00:00:00+00:00,2,0.0
2019-06-05 00:00:00+00:00,1,0.0
2019-06-06 00:00:00+00:00,1,0.3612
2019-06-07 00:00:00+00:00,6,0.1591
2019-06-11 00:00:00+00:00,4,0.069875
2019-06-12 00:00:00+00:00,9,-0.05622222222222222
2019-06-13 00:00:00+00:00,5,0.13738
2019-06-14 00:00:00+00:00,22,0.16413636363636364
2019-06-17 00:00:00+00:00,8,0.008412500000000003
2019-06-18 00:00:00+00:00,3,0.05930000000000002
2019-06-19 00:00:00+00:00,4,0.063275
2019-06-20 00:00:00+00:00,4,-0.020075
2019-06-21 00:00:00+00:00,7,0.1056142857142857
2019-06-24 00:00:00+00:00,4,0.0
2019-06-25 00:00:00+00:00,3,0.0
2019-06-26 00:00:00+00:00,5,0.1264
2019-06-28 00:00:00+00:00,12,0.20025
2019-07-01 00:00:00+00:00,11,0.022727272727272728
2019-07-02 00:00:00+00:00,6,0.06903333333333332
2019-07-03 00:00:00+00:00,1,0.0
2019-07-04 00:00:00+00:00,5,0.0
2019-07-05 00:00:00+00:00,5,0.09508
2019-07-08 00:00:00+00:00,3,0.42460000000000003
2019-07-09 00:00:00+00:00,3,0.5247
2019-07-10 00:00:00+00:00,4,0.1147
2019-07-11 00:00:00+00:00,3,0.21230000000000002
2019-07-12 00:00:00+00:00,6,-0.056633333333333334
2019-07-16 00:00:00+00:00,2,0.3372
2019-07-17 00:00:00+00:00,3,0.0
2019-07-18 00:00:00+00:00,2,0.1806
2019-07-19 00:00:00+00:00,5,0.21347999999999998
2019-07-22 00:00:00+00:00,8,0.13601249999999998
2019-07-23 00:00:00+00:00,8,0.074075
2019-07-24 00:00:00+00:00,4,0.1144
2019-07-25 00:00:00+00:00,6,0.1567333333333333
2019-07-26 00:00:00+00:00,7,-0.03232857142857143
2019-07-29 00:00:00+00:00,1,0.0
2019-07-30 00:00:00+00:00,5,0.11438
2019-07-31 00:00:00+00:00,2,-0.2202
2019-08-01 00:00:00+00:00,3,0.24766666666666667
2019-08-02 00:00:00+00:00,7,-0.1037857142857143
2019-08-05 00:00:00+00:00,5,0.26432
2019-08-06 00:00:00+00:00,3,0.22693333333333332
2019-08-07 00:00:00+00:00,3,0.19063333333333332
2019-08-08 00:00:00+00:00,4,0.24869999999999998
2019-08-09 00:00:00+00:00,10,0.08096
2019-08-13 00:00:00+00:00,5,0.10212000000000002
2019-08-14 00:00:00+00:00,1,0.7717
2019-08-15 00:00:00+00:00,6,-0.038816666666666666
2019-08-16 00:00:00+00:00,2,0.148
2019-08-19 00:00:00+00:00,1,0.6369
2019-08-20 00:00:00+00:00,5,0.10352000000000001
2019-08-21 00:00:00+00:00,9,0.17525555555555558
2019-08-22 00:00:00+00:00,4,0.0193
2019-08-23 00:00:00+00:00,8,0.1282875
2019-08-27 00:00:00+00:00,7,-0.12324285714285714
2019-08-28 00:00:00+00:00,7,0.10827142857142857
2019-08-29 00:00:00+00:00,5,0.16454
2019-08-30 00:00:00+00:00,5,0.021179999999999997
2019-09-02 00:00:00+00:00,1,0.0
2019-09-03 00:00:00+00:00,1,0.3612
2019-09-04 00:00:00+00:00,1,0.0
2019-09-05 00:00:00+00:00,7,0.007857142857142858
2019-09-06 00:00:00+00:00,10,-0.20701
2019-09-09 00:00:00+00:00,5,0.010100000000000008
2019-09-10 00:00:00+00:00,6,-0.12054999999999999
2019-09-11 00:00:00+00:00,7,0.12834285714285715
2019-09-12 00:00:00+00:00,3,0.317
2019-09-13 00:00:00+00:00,4,0.019250000000000003
2019-09-17 00:00:00+00:00,4,0.07955
2019-09-18 00:00:00+00:00,7,0.21045714285714284
2019-09-19 00:00:00+00:00,5,0.12814
2019-09-20 00:00:00+00:00,11,0.09778181818181818
2019-09-24 00:00:00+00:00,3,0.1903
2019-09-25 00:00:00+00:00,5,-0.059199999999999996
2019-09-26 00:00:00+00:00,5,0.06364
2019-09-27 00:00:00+00:00,13,0.05980769230769231
2019-09-30 00:00:00+00:00,2,0.26335
2019-10-01 00:00:00+00:00,1,0.0
2019-10-02 00:00:00+00:00,1,0.0
2019-10-04 00:00:00+00:00,3,0.2159333333333333
2019-10-07 00:00:00+00:00,2,0.0
2019-10-08 00:00:00+00:00,1,-0.4019
2019-10-09 00:00:00+00:00,1,0.0
2019-10-10 00:00:00+00:00,4,0.166775
2019-10-11 00:00:00+00:00,3,0.15293333333333334
2019-10-15 00:00:00+00:00,1,0.34
2019-10-16 00:00:00+00:00,11,0.056600000000000004
2019-10-17 00:00:00+00:00,11,0.10814545454545454
2019-10-18 00:00:00+00:00,9,0.1588888888888889
2019-10-21 00:00:00+00:00,7,-0.009957142857142855
2019-10-23 00:00:00+00:00,9,0.15714444444444442
2019-10-24 00:00:00+00:00,9,0.19713333333333333
2019-10-25 00:00:00+00:00,8,0.0007749999999999979
2019-10-28 00:00:00+00:00,5,0.20522
2019-10-29 00:00:00+00:00,9,0.09903333333333333
2019-10-30 00:00:00+00:00,2,0.3612
2019-10-31 00:00:00+00:00,3,0.2159333333333333
2019-11-01 00:00:00+00:00,8,0.1544
2019-11-05 00:00:00+00:00,6,0.11346666666666666
2019-11-06 00:00:00+00:00,1,0.0
2019-11-07 00:00:00+00:00,8,0.1741125
2019-11-08 00:00:00+00:00,2,0.38585
2019-11-11 00:00:00+00:00,4,-0.0749
2019-11-12 00:00:00+00:00,1,0.0
2019-11-13 00:00:00+00:00,7,0.0
2019-11-14 00:00:00+00:00,4,0.2745
2019-11-15 00:00:00+00:00,4,0.290925
2019-11-18 00:00:00+00:00,2,0.10730000000000003
2019-11-19 00:00:00+00:00,4,0.0
2019-11-20 00:00:00+00:00,10,0.07550000000000001
2019-11-21 00:00:00+00:00,11,0.25985454545454545
2019-11-22 00:00:00+00:00,9,0.29384444444444446
2019-11-25 00:00:00+00:00,6,0.007266666666666662
2019-11-26 00:00:00+00:00,2,0.148
2019-11-27 00:00:00+00:00,4,0.1101
2019-11-28 00:00:00+00:00,1,0.0
2019-11-29 00:00:00+00:00,6,0.06541666666666668
2019-12-02 00:00:00+00:00,2,0.48839999999999995
2019-12-03 00:00:00+00:00,3,0.21230000000000002
2019-12-04 00:00:00+00:00,2,0.0
2019-12-05 00:00:00+00:00,7,-0.06322857142857143
2019-12-06 00:00:00+00:00,3,0.12726666666666667
2019-12-09 00:00:00+00:00,3,0.0
2019-12-10 00:00:00+00:00,5,0.12283999999999999
2019-12-11 00:00:00+00:00,11,0.11395454545454546
2019-12-12 00:00:00+00:00,4,0.178125
2019-12-13 00:00:00+00:00,10,0.09901
2019-12-16 00:00:00+00:00,6,0.0
2019-12-17 00:00:00+00:00,3,0.28313333333333335
2019-12-18 00:00:00+00:00,8,0.0886625
2019-12-19 00:00:00+00:00,2,0.0
2019-12-20 00:00:00+00:00,7,0.01102857142857143
2019-12-23 00:00:00+00:00,4,0.008825
2019-12-24 00:00:00+00:00,1,0.0
2019-12-25 00:00:00+00:00,3,0.03749999999999998
2019-12-26 00:00:00+00:00,3,0.19583333333333333
2019-12-27 00:00:00+00:00,7,-0.010614285714285718
2019-12-30 00:00:00+00:00,9,0.11543333333333333
2020-01-07 00:00:00+00:00,2,0.20095
2020-01-08 00:00:00+00:00,1,0.0
2020-01-09 00:00:00+00:00,1,0.0
2020-01-10 00:00:00+00:00,12,0.06966666666666667
2020-01-14 00:00:00+00:00,11,-0.0035636363636363634
2020-01-15 00:00:00+00:00,10,0.0299
2020-01-16 00:00:00+00:00,5,0.19834000000000002
2020-01-17 00:00:00+00:00,13,0.05356153846153845
2020-01-20 00:00:00+00:00,2,0.3062
2020-01-21 00:00:00+00:00,6,-0.04883333333333334
2020-01-22 00:00:00+00:00,8,-0.044474999999999994
2020-01-23 00:00:00+00:00,3,0.2686
2020-01-24 00:00:00+00:00,6,-0.07278333333333335
2020-01-27 00:00:00+00:00,5,0.20373999999999998
2020-01-28 00:00:00+00:00,3,0.12040000000000001
2020-01-29 00:00:00+00:00,4,0.12940000000000002
2020-01-30 00:00:00+00:00,2,0.0
2020-01-31 00:00:00+00:00,6,0.1733
2020-02-03 00:00:00+00:00,5,0.0
2020-02-04 00:00:00+00:00,1,-0.3818
2020-02-05 00:00:00+00:00,4,0.24717499999999998
2020-02-06 00:00:00+00:00,6,0.11276666666666668
2020-02-07 00:00:00+00:00,6,0.07945
2020-02-10 00:00:00+00:00,5,0.0
2020-02-12 00:00:00+00:00,1,0.4678
2020-02-13 00:00:00+00:00,9,0.04317777777777777
2020-02-14 00:00:00+00:00,13,0.16047692307692307
2020-02-17 00:00:00+00:00,2,0.2997
2020-02-18 00:00:00+00:00,7,-0.02391428571428571
2020-02-19 00:00:00+00:00,4,0.0
2020-02-20 00:00:00+00:00,3,0.0
2020-02-21 00:00:00+00:00,14,-0.0037499999999999955
2020-02-25 00:00:00+00:00,3,0.0
2020-02-26 00:00:00+00:00,3,0.0
2020-02-27 00:00:00+00:00,5,0.11717999999999999
2020-02-28 00:00:00+00:00,7,0.09112857142857142
2020-03-02 00:00:00+00:00,4,-0.259625
2020-03-03 00:00:00+00:00,3,0.17556666666666665
2020-03-04 00:00:00+00:00,5,-0.08571999999999999
2020-03-05 00:00:00+00:00,4,-0.159225
2020-03-06 00:00:00+00:00,4,0.04810000000000002
2020-03-09 00:00:00+00:00,3,0.10113333333333335
2020-03-10 00:00:00+00:00,5,0.22876
2020-03-11 00:00:00+00:00,1,0.3612
2020-03-12 00:00:00+00:00,5,0.17102
2020-03-13 00:00:00+00:00,5,0.08808
2020-03-16 00:00:00+00:00,6,0.0
2020-03-17 00:00:00+00:00,4,-0.074
2020-03-18 00:00:00+00:00,1,0.0
2020-03-19 00:00:00+00:00,9,-0.033711111111111115
2020-03-23 00:00:00+00:00,5,0.0
2020-03-24 00:00:00+00:00,2,0.6747000000000001
2020-03-25 00:00:00+00:00,7,0.14035714285714285
2020-03-26 00:00:00+00:00,5,0.18592
2020-03-27 00:00:00+00:00,7,0.08564285714285715
2020-03-30 00:00:00+00:00,8,0.10570000000000002
2020-03-31 00:00:00+00:00,6,-0.18683333333333332
2020-04-02 00:00:00+00:00,6,0.033716666666666666
2020-04-03 00:00:00+00:00,3,0.35263333333333335
2020-04-06 00:00:00+00:00,3,0.0
2020-04-07 00:00:00+00:00,3,-0.212
2020-04-08 00:00:00+00:00,10,-0.03585
2020-04-09 00:00:00+00:00,3,0.32436666666666664
2020-04-10 00:00:00+00:00,8,0.19156250000000002
2020-04-13 00:00:00+00:00,6,0.012866666666666667
2020-04-14 00:00:00+00:00,2,0.10115
2020-04-15 00:00:00+00:00,1,0.6486
2020-04-16 00:00:00+00:00,2,-0.0258
2020-04-17 00:00:00+00:00,12,0.031341666666666664
2020-04-20 00:00:00+00:00,7,0.03321428571428571
2020-04-21 00:00:00+00:00,1,0.6369
2020-04-22 00:00:00+00:00,3,0.0
2020-04-23 00:00:00+00:00,9,0.1008
2020-04-24 00:00:00+00:00,6,0.14821666666666666
2020-04-27 00:00:00+00:00,5,0.18481999999999998
2020-04-28 00:00:00+00:00,8,0.1686875
2020-04-30 00:00:00+00:00,2,-0.0242
2020-05-01 00:00:00+00:00,3,0.0
2020-05-07 00:00:00+00:00,1,0.3612
2020-05-08 00:00:00+00:00,5,-0.07157999999999999
2020-05-11 00:00:00+00:00,8,-2.4999999999999415e-05
2020-05-12 00:00:00+00:00,1,0.0
2020-05-13 00:00:00+00:00,13,0.18534615384615385
2020-05-14 00:00:00+00:00,9,-0.11514444444444442
2020-05-15 00:00:00+00:00,7,0.12038571428571429
2020-05-18 00:00:00+00:00,13,0.032846153846153844
2020-05-19 00:00:00+00:00,7,0.12555714285714287
2020-05-20 00:00:00+00:00,2,-0.11315
2020-05-21 00:00:00+00:00,6,0.0
2020-05-22 00:00:00+00:00,5,0.26024
2020-05-25 00:00:00+00:00,4,0.259975
2020-05-26 00:00:00+00:00,2,-0.28595
2020-05-27 00:00:00+00:00,5,0.004899999999999993
2020-05-28 00:00:00+00:00,3,0.07543333333333334
2020-05-29 00:00:00+00:00,6,-0.0046999999999999915
2020-06-01 00:00:00+00:00,4,0.01630000000000001
2020-06-02 00:00:00+00:00,11,0.07366363636363636
2020-06-03 00:00:00+00:00,3,0.07306666666666665
2020-06-04 00:00:00+00:00,7,0.10152857142857143
2020-06-05 00:00:00+00:00,9,0.01946666666666667
2020-06-08 00:00:00+00:00,4,0.044475
2020-06-09 00:00:00+00:00,3,0.1858
2020-06-10 00:00:00+00:00,4,0.0
2020-06-11 00:00:00+00:00,1,0.0
2020-06-12 00:00:00+00:00,6,0.22815
2020-06-15 00:00:00+00:00,7,-0.0376142857142857
2020-06-16 00:00:00+00:00,4,0.03220000000000002
2020-06-17 00:00:00+00:00,4,0.162275
2020-06-18 00:00:00+00:00,3,0.1468
2020-06-19 00:00:00+00:00,5,0.1928
2020-06-22 00:00:00+00:00,4,-0.01870000000000001
2020-06-23 00:00:00+00:00,1,0.0
2020-06-24 00:00:00+00:00,2,0.41125
2020-06-25 00:00:00+00:00,4,-0.024900000000000002
2020-06-26 00:00:00+00:00,5,0.18308
2020-06-29 00:00:00+00:00,5,0.16206
2020-06-30 00:00:00+00:00,4,-0.0625
2020-07-01 00:00:00+00:00,13,0.20046923076923073
2020-07-02 00:00:00+00:00,1,0.0
2020-07-03 00:00:00+00:00,3,0.20276666666666668
2020-07-06 00:00:00+00:00,6,0.10151666666666669
2020-07-07 00:00:00+00:00,4,-0.085
2020-07-08 00:00:00+00:00,4,0.1343
2020-07-09 00:00:00+00:00,4,0.191775
2020-07-10 00:00:00+00:00,6,0.24541666666666664
2020-07-13 00:00:00+00:00,2,0.07505
2020-07-14 00:00:00+00:00,1,0.0
2020-07-15 00:00:00+00:00,10,0.06179
2020-07-16 00:00:00+00:00,4,0.0903
2020-07-17 00:00:00+00:00,4,0.15745
2020-07-20 00:00:00+00:00,2,0.0
2020-07-21 00:00:00+00:00,3,0.0332
2020-07-22 00:00:00+00:00,23,0.07536956521739131
2020-07-27 00:00:00+00:00,2,0.0
2020-07-28 00:00:00+00:00,4,0.329875
2020-07-30 00:00:00+00:00,2,0.0
2020-07-31 00:00:00+00:00,5,0.07288
2020-08-03 00:00:00+00:00,2,0.0
2020-08-04 00:00:00+00:00,3,0.12673333333333334
2020-08-05 00:00:00+00:00,3,0.16463333333333333
2020-08-06 00:00:00+00:00,2,0.10115
2020-08-07 00:00:00+00:00,13,0.006146153846153848
2020-08-11 00:00:00+00:00,2,0.0
2020-08-12 00:00:00+00:00,3,0.2209
2020-08-13 00:00:00+00:00,6,0.003350000000000001
2020-08-14 00:00:00+00:00,3,0.021733333333333344
2020-08-17 00:00:00+00:00,6,0.3341166666666667
2020-08-18 00:00:00+00:00,3,0.2613666666666667
2020-08-19 00:00:00+00:00,2,0.0
2020-08-20 00:00:00+00:00,4,0.23214999999999997
2020-08-21 00:00:00+00:00,5,0.26372
2020-08-24 00:00:00+00:00,5,0.047019999999999985
2020-08-25 00:00:00+00:00,2,0.1909
2020-08-26 00:00:00+00:00,3,0.1998
2020-08-27 00:00:00+00:00,11,0.06530909090909091
2020-08-28 00:00:00+00:00,7,0.0666
2020-08-31 00:00:00+00:00,12,-0.10051666666666666
2020-09-01 00:00:00+00:00,1,0.0
2020-09-02 00:00:00+00:00,2,0.10115
2020-09-03 00:00:00+00:00,3,0.13396666666666665
2020-09-04 00:00:00+00:00,1,0.5719
2020-09-07 00:00:00+00:00,3,-0.00686666666666665
2020-09-08 00:00:00+00:00,3,0.09106666666666667
2020-09-09 00:00:00+00:00,2,0.0
2020-09-10 00:00:00+00:00,3,0.24796666666666667
2020-09-11 00:00:00+00:00,5,-0.15322
2020-09-14 00:00:00+00:00,4,0.014825000000000005
2020-09-15 00:00:00+00:00,2,-0.1866
2020-09-16 00:00:00+00:00,9,0.2298
2020-09-17 00:00:00+00:00,8,0.14825
2020-09-18 00:00:00+00:00,28,0.1431035714285714
2020-09-23 00:00:00+00:00,3,0.13396666666666665
2020-09-24 00:00:00+00:00,2,0.1909
2020-09-25 00:00:00+00:00,7,0.12894285714285714
2020-09-28 00:00:00+00:00,4,0.0
2020-09-29 00:00:00+00:00,3,0.12379999999999998
2020-09-30 00:00:00+00:00,8,0.169075
2020-10-02 00:00:00+00:00,4,0.09645000000000001
2020-10-05 00:00:00+00:00,9,-0.03347777777777778
2020-10-06 00:00:00+00:00,9,0.02113333333333333
2020-10-07 00:00:00+00:00,3,0.05023333333333333
2020-10-08 00:00:00+00:00,5,0.16532
2020-10-09 00:00:00+00:00,3,0.03423333333333333
2020-10-12 00:00:00+00:00,1,0.0601
2020-10-13 00:00:00+00:00,6,-0.10994999999999999
2020-10-14 00:00:00+00:00,3,-0.19190000000000004
2020-10-15 00:00:00+00:00,4,0.36485
2020-10-16 00:00:00+00:00,5,0.08808
2020-10-19 00:00:00+00:00,4,0.24912499999999999
2020-10-20 00:00:00+00:00,2,-0.2202
2020-10-21 00:00:00+00:00,3,-0.1897333333333333
2020-10-22 00:00:00+00:00,4,-0.005549999999999999
2020-10-23 00:00:00+00:00,3,0.165
2020-10-26 00:00:00+00:00,3,0.0
2020-10-27 00:00:00+00:00,13,0.17070000000000002
2020-10-28 00:00:00+00:00,4,0.07392499999999999
2020-10-29 00:00:00+00:00,2,-0.30179999999999996
2020-10-30 00:00:00+00:00,11,0.07239090909090909
2020-11-02 00:00:00+00:00,10,0.14601000000000003
2020-11-04 00:00:00+00:00,5,0.12326000000000001
2020-11-05 00:00:00+00:00,2,0.0
2020-11-06 00:00:00+00:00,3,0.15846666666666667
2020-11-09 00:00:00+00:00,6,0.2551833333333333
2020-11-10 00:00:00+00:00,5,0.16444
2020-11-11 00:00:00+00:00,8,0.2028875
2020-11-12 00:00:00+00:00,6,0.16315
2020-11-13 00:00:00+00:00,9,0.12201111111111113
2020-11-16 00:00:00+00:00,2,0.3062
2020-11-17 00:00:00+00:00,4,0.0
2020-11-18 00:00:00+00:00,4,0.0903
2020-11-19 00:00:00+00:00,7,0.0
2020-11-20 00:00:00+00:00,10,0.06169
2020-11-24 00:00:00+00:00,2,0.0
2020-11-25 00:00:00+00:00,3,0.0
2020-11-26 00:00:00+00:00,2,0.17
2020-11-27 00:00:00+00:00,2,0.0
2020-11-30 00:00:00+00:00,8,0.2335625
2020-12-02 00:00:00+00:00,1,0.0
2020-12-03 00:00:00+00:00,7,0.06810000000000001
2020-12-04 00:00:00+00:00,3,0.21989999999999998
2020-12-07 00:00:00+00:00,12,0.0941
2020-12-08 00:00:00+00:00,4,0.0
2020-12-09 00:00:00+00:00,2,0.4063
2020-12-10 00:00:00+00:00,7,0.08557142857142856
2020-12-11 00:00:00+00:00,9,0.060222222222222226
2020-12-14 00:00:00+00:00,5,0.16784000000000002
2020-12-15 00:00:00+00:00,5,0.244
2020-12-16 00:00:00+00:00,8,0.0572
2020-12-17 00:00:00+00:00,3,0.0775
2020-12-18 00:00:00+00:00,7,0.2008285714285714
2020-12-21 00:00:00+00:00,5,0.24394
2020-12-22 00:00:00+00:00,3,0.0
2020-12-23 00:00:00+00:00,3,-0.007899999999999982
2020-12-24 00:00:00+00:00,1,-0.7783
2020-12-25 00:00:00+00:00,5,0.0
2020-12-28 00:00:00+00:00,4,0.218775
2020-12-29 00:00:00+00:00,1,0.0
2020-12-30 00:00:00+00:00,10,0.27609
2021-01-04 00:00:00+00:00,3,0.3246
2021-01-05 00:00:00+00:00,1,0.0
2021-01-06 00:00:00+00:00,1,0.128
2021-01-07 00:00:00+00:00,1,0.5859
2021-01-08 00:00:00+00:00,5,0.3795
2021-01-13 00:00:00+00:00,3,0.0
2021-01-14 00:00:00+00:00,2,0.09009999999999996
2021-01-15 00:00:00+00:00,8,0.260075
2021-01-18 00:00:00+00:00,8,0.0252875
2021-01-19 00:00:00+00:00,5,-0.17758
2021-01-20 00:00:00+00:00,8,0.3074375
2021-01-21 00:00:00+00:00,7,0.33504285714285714
2021-01-22 00:00:00+00:00,8,-0.0343
2021-01-25 00:00:00+00:00,2,0.0
2021-01-26 00:00:00+00:00,8,0.21587499999999998
2021-01-27 00:00:00+00:00,7,-0.045457142857142856
2021-01-28 00:00:00+00:00,8,0.043100000000000006
2021-01-29 00:00:00+00:00,10,0.18351
2021-02-01 00:00:00+00:00,7,0.04788571428571429
2021-02-02 00:00:00+00:00,6,0.15001666666666666
2021-02-03 00:00:00+00:00,10,0.26476
2021-02-04 00:00:00+00:00,3,0.0
2021-02-05 00:00:00+00:00,5,0.29913999999999996
2021-02-08 00:00:00+00:00,3,-0.09616666666666668
2021-02-09 00:00:00+00:00,4,0.0
2021-02-10 00:00:00+00:00,14,-0.029721428571428572
2021-02-12 00:00:00+00:00,10,-0.06745
2021-02-15 00:00:00+00:00,4,0.05537500000000001
2021-02-16 00:00:00+00:00,7,0.007700000000000008
2021-02-18 00:00:00+00:00,1,0.0
2021-02-19 00:00:00+00:00,4,0.282325
2021-02-22 00:00:00+00:00,7,0.12725714285714287
2021-02-24 00:00:00+00:00,6,0.14241666666666666
2021-02-25 00:00:00+00:00,3,-0.1850333333333333
2021-02-26 00:00:00+00:00,6,0.1406666666666667
2021-03-01 00:00:00+00:00,8,0.275
2021-03-02 00:00:00+00:00,4,0.14787499999999998
2021-03-03 00:00:00+00:00,4,-0.09545
2021-03-04 00:00:00+00:00,2,0.17
2021-03-05 00:00:00+00:00,4,0.1456
2021-03-08 00:00:00+00:00,8,0.03754999999999999
2021-03-09 00:00:00+00:00,2,0.10115
2021-03-10 00:00:00+00:00,5,0.00464
2021-03-11 00:00:00+00:00,2,-0.04915
2021-03-12 00:00:00+00:00,5,0.18964000000000003
2021-03-16 00:00:00+00:00,3,0.17020000000000002
2021-03-17 00:00:00+00:00,9,-0.20043333333333335
2021-03-18 00:00:00+00:00,2,-0.26744999999999997
2021-03-19 00:00:00+00:00,1,0.7003
2021-03-22 00:00:00+00:00,5,0.26117999999999997
2021-03-23 00:00:00+00:00,4,0.085
2021-03-24 00:00:00+00:00,5,0.30664
2021-03-25 00:00:00+00:00,7,0.14422857142857143
2021-03-26 00:00:00+00:00,6,0.18821666666666667
2021-03-29 00:00:00+00:00,5,0.22292
2021-03-30 00:00:00+00:00,4,0.085
2021-03-31 00:00:00+00:00,5,0.18522
2021-04-01 00:00:00+00:00,1,-0.3182
2021-04-05 00:00:00+00:00,2,-0.1909
2021-04-06 00:00:00+00:00,3,-0.12726666666666667
2021-04-07 00:00:00+00:00,4,-0.1909
2021-04-08 00:00:00+00:00,1,0.25
2021-04-09 00:00:00+00:00,1,-0.4019
2021-04-12 00:00:00+00:00,2,0.148
2021-04-13 00:00:00+00:00,1,0.0
2021-04-15 00:00:00+00:00,4,0.0
2021-04-16 00:00:00+00:00,7,0.06792857142857144
2021-04-19 00:00:00+00:00,17,0.12241764705882353
2021-04-20 00:00:00+00:00,6,0.08921666666666667
2021-04-21 00:00:00+00:00,4,0.100475
2021-04-22 00:00:00+00:00,4,-0.00645
2021-04-23 00:00:00+00:00,9,0.18181111111111112
2021-04-26 00:00:00+00:00,7,0.08397142857142859
2021-04-27 00:00:00+00:00,10,0.14171
2021-04-28 00:00:00+00:00,10,0.16658
2021-04-30 00:00:00+00:00,21,0.06104761904761905
2021-05-06 00:00:00+00:00,7,0.06860000000000001
2021-05-07 00:00:00+00:00,6,-0.04181666666666667
2021-05-10 00:00:00+00:00,5,0.0
2021-05-11 00:00:00+00:00,1,0.0
2021-05-12 00:00:00+00:00,10,0.035460000000000005
2021-05-13 00:00:00+00:00,5,0.01544
2021-05-14 00:00:00+00:00,6,-0.04933333333333333
2021-05-17 00:00:00+00:00,1,0.0
2021-05-18 00:00:00+00:00,6,0.08844999999999999
2021-05-19 00:00:00+00:00,4,0.105375
2021-05-20 00:00:00+00:00,4,-0.134525
2021-05-21 00:00:00+00:00,6,0.2263666666666667
2021-05-24 00:00:00+00:00,5,-0.07052
2021-05-25 00:00:00+00:00,1,0.0
2021-05-26 00:00:00+00:00,6,0.012833333333333335
2021-05-27 00:00:00+00:00,3,-0.003933333333333335
2021-05-28 00:00:00+00:00,8,-0.010487500000000004
2021-05-31 00:00:00+00:00,2,0.0
2021-06-01 00:00:00+00:00,8,0.130225
2021-06-02 00:00:00+00:00,13,0.09811538461538462
2021-06-03 00:00:00+00:00,6,0.05878333333333333
2021-06-04 00:00:00+00:00,12,0.14045833333333332
2021-06-07 00:00:00+00:00,3,0.0
2021-06-08 00:00:00+00:00,5,0.0
2021-06-09 00:00:00+00:00,5,0.21846000000000002
2021-06-10 00:00:00+00:00,4,0.06997500000000001
2021-06-11 00:00:00+00:00,9,0.15788888888888888
2021-06-14 00:00:00+00:00,2,0.0
2021-06-15 00:00:00+00:00,1,-0.25
2021-06-16 00:00:00+00:00,2,0.0
2021-06-17 00:00:00+00:00,3,0.25453333333333333
2021-06-18 00:00:00+00:00,1,-0.2732
2021-06-21 00:00:00+00:00,2,-0.1909
2021-06-22 00:00:00+00:00,1,0.296
2021-06-23 00:00:00+00:00,9,0.0749888888888889
2021-06-24 00:00:00+00:00,1,0.0
2021-06-25 00:00:00+00:00,4,0.039675
2021-06-28 00:00:00+00:00,2,0.09620000000000004
2021-06-29 00:00:00+00:00,5,0.07224
2021-06-30 00:00:00+00:00,2,-0.14035000000000003
2021-07-01 00:00:00+00:00,5,0.1786
2021-07-02 00:00:00+00:00,8,0.1834625
2021-07-05 00:00:00+00:00,3,-0.15293333333333334
2021-07-06 00:00:00+00:00,4,0.24530000000000002
2021-07-07 00:00:00+00:00,5,0.06364
2021-07-08 00:00:00+00:00,4,0.044475
2021-07-09 00:00:00+00:00,5,0.248
2021-07-12 00:00:00+00:00,2,0.0
2021-07-13 00:00:00+00:00,4,0.07955
2021-07-14 00:00:00+00:00,3,0.24766666666666667
2021-07-15 00:00:00+00:00,3,0.16463333333333333
2021-07-16 00:00:00+00:00,2,0.0
2021-07-19 00:00:00+00:00,9,0.05876666666666666
2021-07-20 00:00:00+00:00,5,0.18169999999999997
2021-07-21 00:00:00+00:00,17,0.06624117647058823
2021-07-26 00:00:00+00:00,4,0.02604999999999999
2021-07-27 00:00:00+00:00,6,0.05818333333333333
2021-07-28 00:00:00+00:00,2,0.1935
2021-07-29 00:00:00+00:00,2,0.0
2021-07-30 00:00:00+00:00,8,0.2965125
2021-08-02 00:00:00+00:00,1,0.0
2021-08-04 00:00:00+00:00,1,0.0
2021-08-05 00:00:00+00:00,1,0.3182
2021-08-06 00:00:00+00:00,4,-0.224875
2021-08-10 00:00:00+00:00,4,-0.0676
2021-08-11 00:00:00+00:00,3,0.07543333333333334
2021-08-12 00:00:00+00:00,2,0.0
2021-08-13 00:00:00+00:00,10,-0.005820000000000008
2021-08-16 00:00:00+00:00,2,0.0
2021-08-17 00:00:00+00:00,11,-0.09369090909090909
2021-08-18 00:00:00+00:00,4,0.006025000000000003
2021-08-19 00:00:00+00:00,14,-0.21978571428571428
2021-08-20 00:00:00+00:00,10,-0.1045
2021-08-23 00:00:00+00:00,5,0.21046
2021-08-24 00:00:00+00:00,4,-0.07955
2021-08-25 00:00:00+00:00,2,0.0
2021-08-26 00:00:00+00:00,3,0.0
2021-08-27 00:00:00+00:00,9,-0.09437777777777778
2021-08-30 00:00:00+00:00,4,0.07375000000000001
2021-08-31 00:00:00+00:00,5,0.24108000000000002
2021-09-01 00:00:00+00:00,2,0.0
2021-09-03 00:00:00+00:00,1,0.0
2021-09-08 00:00:00+00:00,8,0.04730000000000001
2021-09-09 00:00:00+00:00,4,0.00645
2021-09-10 00:00:00+00:00,10,0.039169999999999996
2021-09-13 00:00:00+00:00,3,-0.16463333333333333
2021-09-14 00:00:00+00:00,4,0.219775
2021-09-15 00:00:00+00:00,2,0.2202
2021-09-16 00:00:00+00:00,1,0.5719
2021-09-17 00:00:00+00:00,25,0.052408
2021-09-21 00:00:00+00:00,6,0.08954999999999998
2021-09-22 00:00:00+00:00,10,0.15608
2021-09-24 00:00:00+00:00,8,0.31845
2021-09-27 00:00:00+00:00,1,0.7003
2021-09-28 00:00:00+00:00,7,-0.10384285714285714
2021-09-29 00:00:00+00:00,1,-0.4588
2021-09-30 00:00:00+00:00,7,0.1601
2021-10-01 00:00:00+00:00,4,0.003974999999999992
2021-10-04 00:00:00+00:00,3,0.14049999999999999
2021-10-05 00:00:00+00:00,1,0.0
2021-10-06 00:00:00+00:00,2,0.35015
2021-10-07 00:00:00+00:00,2,0.0
2021-10-08 00:00:00+00:00,2,0.31845
2021-10-11 00:00:00+00:00,1,0.0
2021-10-12 00:00:00+00:00,10,0.15569000000000002
2021-10-13 00:00:00+00:00,3,0.0
2021-10-14 00:00:00+00:00,8,0.06264999999999998
2021-10-15 00:00:00+00:00,8,-0.12875
2021-10-18 00:00:00+00:00,4,0.0
2021-10-19 00:00:00+00:00,7,0.17654285714285714
2021-10-20 00:00:00+00:00,3,0.10606666666666666
2021-10-21 00:00:00+00:00,2,0.2202
2021-10-22 00:00:00+00:00,5,-0.06455999999999999
2021-10-25 00:00:00+00:00,2,0.0
2021-10-26 00:00:00+00:00,3,0.3374333333333333
2021-10-27 00:00:00+00:00,4,-0.06525
2021-10-28 00:00:00+00:00,8,0.0501875
2021-10-29 00:00:00+00:00,18,0.022933333333333333
2021-11-01 00:00:00+00:00,5,0.0
2021-11-02 00:00:00+00:00,12,-0.12811666666666668
2021-11-04 00:00:00+00:00,5,0.22658
2021-11-05 00:00:00+00:00,5,0.25498
2021-11-08 00:00:00+00:00,1,0.0
2021-11-09 00:00:00+00:00,5,0.14138
2021-11-10 00:00:00+00:00,1,0.0
2021-11-11 00:00:00+00:00,4,-0.044574999999999976
2021-11-12 00:00:00+00:00,12,0.15601666666666666
2021-11-15 00:00:00+00:00,2,0.125
2021-11-16 00:00:00+00:00,1,0.0
2021-11-17 00:00:00+00:00,11,0.05551818181818182
2021-11-18 00:00:00+00:00,3,-0.3785
2021-11-19 00:00:00+00:00,9,0.00031111111111110153
2021-11-22 00:00:00+00:00,7,-0.12551428571428572
2021-11-24 00:00:00+00:00,3,0.3528
2021-11-25 00:00:00+00:00,1,0.0
2021-11-26 00:00:00+00:00,2,0.20095
2021-11-29 00:00:00+00:00,7,0.16734285714285715
2021-11-30 00:00:00+00:00,4,0.23327499999999998
2021-12-01 00:00:00+00:00,1,0.0
2021-12-02 00:00:00+00:00,2,0.0
2021-12-03 00:00:00+00:00,4,0.142975
2021-12-06 00:00:00+00:00,2,0.0
2021-12-07 00:00:00+00:00,4,0.197475
2021-12-08 00:00:00+00:00,4,0.123475
2021-12-09 00:00:00+00:00,2,0.2202
2021-12-10 00:00:00+00:00,2,0.52525
2021-12-14 00:00:00+00:00,8,0.0978375
2021-12-15 00:00:00+00:00,7,-0.003257142857142855
2021-12-16 00:00:00+00:00,10,0.06003000000000001
2021-12-17 00:00:00+00:00,8,0.11470000000000001
2021-12-20 00:00:00+00:00,7,0.21944285714285713
2021-12-21 00:00:00+00:00,1,0.0
2021-12-22 00:00:00+00:00,2,-0.17
2021-12-23 00:00:00+00:00,4,-0.107875
2021-12-24 00:00:00+00:00,8,0.10965
2021-12-27 00:00:00+00:00,9,0.07753333333333333
2021-12-28 00:00:00+00:00,4,0.0
2021-12-29 00:00:00+00:00,7,-0.14102857142857145
2021-12-30 00:00:00+00:00,10,0.25813
2022-01-04 00:00:00+00:00,15,0.18307333333333334
2022-01-05 00:00:00+00:00,1,0.0
2022-01-07 00:00:00+00:00,12,0.03679166666666666
2022-01-11 00:00:00+00:00,3,0.0
2022-01-12 00:00:00+00:00,4,0.074
2022-01-13 00:00:00+00:00,4,0.32682500000000003
2022-01-14 00:00:00+00:00,8,0.1306375
2022-01-17 00:00:00+00:00,4,0.179375
2022-01-20 00:00:00+00:00,4,0.123475
2022-01-21 00:00:00+00:00,5,0.2637
2022-01-24 00:00:00+00:00,3,0.1468
2022-01-25 00:00:00+00:00,9,0.07444444444444445
2022-01-26 00:00:00+00:00,7,0.025228571428571434
2022-01-27 00:00:00+00:00,5,0.16468
2022-01-28 00:00:00+00:00,6,0.05483333333333334
2022-01-31 00:00:00+00:00,4,-0.009450000000000014
2022-02-01 00:00:00+00:00,11,0.0019727272727272775
2022-02-02 00:00:00+00:00,2,0.0
2022-02-03 00:00:00+00:00,3,0.13396666666666665
2022-02-04 00:00:00+00:00,6,0.1663
2022-02-07 00:00:00+00:00,4,0.16985
2022-02-08 00:00:00+00:00,2,0.11315
2022-02-09 00:00:00+00:00,5,0.30064
2022-02-10 00:00:00+00:00,16,0.018593750000000003
2022-02-14 00:00:00+00:00,5,-0.09878
2022-02-15 00:00:00+00:00,1,0.0
2022-02-16 00:00:00+00:00,6,0.1406333333333333
2022-02-17 00:00:00+00:00,5,0.1702
2022-02-18 00:00:00+00:00,4,0.152775
2022-02-22 00:00:00+00:00,6,0.09391666666666669
2022-02-24 00:00:00+00:00,1,0.0
2022-02-25 00:00:00+00:00,10,0.14031000000000002
2022-02-28 00:00:00+00:00,13,-0.20683846153846155
2022-03-01 00:00:00+00:00,1,0.0
2022-03-02 00:00:00+00:00,2,-0.3182
2022-03-07 00:00:00+00:00,1,0.4404
2022-03-09 00:00:00+00:00,1,0.0
2022-03-10 00:00:00+00:00,4,0.24970000000000003
2022-03-11 00:00:00+00:00,5,0.31822
2022-03-14 00:00:00+00:00,3,0.28963333333333335
2022-03-15 00:00:00+00:00,2,-0.21075
2022-03-17 00:00:00+00:00,5,0.4791
2022-03-18 00:00:00+00:00,19,0.0996578947368421
2022-03-22 00:00:00+00:00,5,0.3246
2022-03-23 00:00:00+00:00,8,0.2168
2022-03-24 00:00:00+00:00,7,0.08417142857142856
2022-03-25 00:00:00+00:00,7,0.0
2022-03-28 00:00:00+00:00,5,0.24455999999999997
2022-03-29 00:00:00+00:00,2,-0.07655
2022-03-30 00:00:00+00:00,9,0.18174444444444443
2022-03-31 00:00:00+00:00,14,0.09709285714285716
2022-04-01 00:00:00+00:00,15,0.12074
2022-04-04 00:00:00+00:00,2,-0.148
2022-04-05 00:00:00+00:00,4,0.105375
2022-04-06 00:00:00+00:00,4,0.09565000000000001
2022-04-07 00:00:00+00:00,5,0.28898
2022-04-08 00:00:00+00:00,6,-0.03508333333333335
2022-04-12 00:00:00+00:00,13,0.11460769230769231
2022-04-13 00:00:00+00:00,3,0.0
2022-04-14 00:00:00+00:00,5,0.13194
2022-04-15 00:00:00+00:00,2,0.78615
2022-04-18 00:00:00+00:00,4,0.30257500000000004
2022-04-19 00:00:00+00:00,4,0.03144999999999998
2022-04-20 00:00:00+00:00,3,0.0
2022-04-21 00:00:00+00:00,4,0.104975
2022-04-22 00:00:00+00:00,5,-0.04762
2022-04-25 00:00:00+00:00,6,0.1275
2022-04-26 00:00:00+00:00,3,-0.12726666666666667
2022-04-27 00:00:00+00:00,1,-0.4019
2022-04-28 00:00:00+00:00,12,0.14181666666666667
2022-05-02 00:00:00+00:00,9,0.08600000000000001
2022-05-06 00:00:00+00:00,7,-0.09388571428571428
2022-05-09 00:00:00+00:00,3,0.3151
2022-05-10 00:00:00+00:00,4,0.22244999999999998
2022-05-11 00:00:00+00:00,11,0.05483636363636364
2022-05-12 00:00:00+00:00,3,0.0
2022-05-13 00:00:00+00:00,8,0.008387499999999999
2022-05-16 00:00:00+00:00,3,0.3246
2022-05-17 00:00:00+00:00,4,0.06755
2022-05-18 00:00:00+00:00,5,-0.05464
2022-05-19 00:00:00+00:00,4,-0.0885
2022-05-20 00:00:00+00:00,3,0.16573333333333334
2022-05-23 00:00:00+00:00,4,-0.0683
2022-05-24 00:00:00+00:00,5,0.15012
2022-05-25 00:00:00+00:00,4,0.050575
2022-05-26 00:00:00+00:00,7,0.06547142857142858
2022-05-27 00:00:00+00:00,5,-0.060939999999999994
2022-05-30 00:00:00+00:00,5,0.19091999999999998
2022-05-31 00:00:00+00:00,5,-0.005319999999999997
2022-06-01 00:00:00+00:00,3,0.11333333333333334
2022-06-02 00:00:00+00:00,7,0.09998571428571427
2022-06-03 00:00:00+00:00,7,0.06395714285714287
2022-06-06 00:00:00+00:00,5,0.18464
2022-06-07 00:00:00+00:00,6,-0.056383333333333334
2022-06-08 00:00:00+00:00,6,0.14365
2022-06-09 00:00:00+00:00,5,0.11240000000000001
2022-06-10 00:00:00+00:00,8,0.2585
2022-06-13 00:00:00+00:00,5,0.20166
2022-06-14 00:00:00+00:00,3,0.08713333333333334
2022-06-15 00:00:00+00:00,3,-0.0086
2022-06-16 00:00:00+00:00,3,0.21989999999999998
2022-06-17 00:00:00+00:00,4,0.12765
2022-06-21 00:00:00+00:00,2,-0.1205
2022-06-22 00:00:00+00:00,5,-0.05168000000000002
2022-06-23 00:00:00+00:00,7,-0.25084285714285715
2022-06-24 00:00:00+00:00,13,0.014207692307692314
2022-06-27 00:00:00+00:00,2,0.36819999999999997
2022-06-28 00:00:00+00:00,3,0.0
2022-06-29 00:00:00+00:00,3,-0.07543333333333334
2022-07-01 00:00:00+00:00,3,0.0
2022-07-05 00:00:00+00:00,1,0.0
2022-07-06 00:00:00+00:00,1,0.0
2022-07-07 00:00:00+00:00,2,0.1806
2022-07-08 00:00:00+00:00,2,-0.07020000000000001
2022-07-14 00:00:00+00:00,5,0.055819999999999995
2022-07-15 00:00:00+00:00,26,0.06203461538461538
2022-07-19 00:00:00+00:00,9,0.1695333333333333
2022-07-20 00:00:00+00:00,7,0.10614285714285714
2022-07-21 00:00:00+00:00,4,0.30269999999999997
2022-07-22 00:00:00+00:00,7,-0.03132857142857142
2022-07-25 00:00:00+00:00,3,0.0073999999999999995
2022-07-26 00:00:00+00:00,6,0.2081833333333333
2022-07-27 00:00:00+00:00,7,0.0405
2022-07-28 00:00:00+00:00,7,-0.07102857142857143
2022-07-29 00:00:00+00:00,10,0.15933999999999998
2022-08-01 00:00:00+00:00,4,0.0
2022-08-02 00:00:00+00:00,7,0.04921428571428571
2022-08-03 00:00:00+00:00,7,0.1801
2022-08-04 00:00:00+00:00,8,0.0787625
2022-08-05 00:00:00+00:00,4,-0.08079999999999998
2022-08-08 00:00:00+00:00,2,0.0
2022-08-09 00:00:00+00:00,4,0.00645
2022-08-10 00:00:00+00:00,3,0.19296666666666665
2022-08-12 00:00:00+00:00,7,0.07167142857142857
2022-08-15 00:00:00+00:00,4,0.05635
2022-08-16 00:00:00+00:00,3,0.0
2022-08-17 00:00:00+00:00,3,0.2394666666666667
2022-08-18 00:00:00+00:00,3,0.22899999999999998
2022-08-19 00:00:00+00:00,6,0.28936666666666666
2022-08-22 00:00:00+00:00,6,-0.10688333333333333
2022-08-23 00:00:00+00:00,5,-0.20501999999999998
2022-08-24 00:00:00+00:00,7,-0.15702857142857143
2022-08-25 00:00:00+00:00,1,0.2023
2022-08-26 00:00:00+00:00,3,0.22553333333333336
2022-08-29 00:00:00+00:00,3,0.12040000000000001
2022-08-30 00:00:00+00:00,3,0.3838
2022-08-31 00:00:00+00:00,7,0.003585714285714287
2022-09-02 00:00:00+00:00,3,0.0
2022-09-05 00:00:00+00:00,3,0.2121333333333333
2022-09-07 00:00:00+00:00,8,0.2558375
2022-09-08 00:00:00+00:00,4,0.074
2022-09-09 00:00:00+00:00,5,0.050780000000000006
2022-09-12 00:00:00+00:00,2,-0.3097
2022-09-13 00:00:00+00:00,4,-0.215125
2022-09-14 00:00:00+00:00,14,0.12302857142857145
2022-09-15 00:00:00+00:00,1,0.1027
2022-09-16 00:00:00+00:00,7,-0.034428571428571426
2022-09-20 00:00:00+00:00,2,0.0
2022-09-21 00:00:00+00:00,11,0.0212
2022-09-22 00:00:00+00:00,9,0.14972222222222223
2022-09-26 00:00:00+00:00,6,0.15895
2022-09-27 00:00:00+00:00,4,0.085
2022-09-28 00:00:00+00:00,5,0.25036
2022-09-29 00:00:00+00:00,8,-0.22025
2022-09-30 00:00:00+00:00,4,0.25092499999999995
2022-10-03 00:00:00+00:00,2,0.3844
2022-10-04 00:00:00+00:00,3,-0.12726666666666667
2022-10-05 00:00:00+00:00,1,-0.0145
2022-10-06 00:00:00+00:00,7,0.08494285714285714
2022-10-07 00:00:00+00:00,10,0.23919
2022-10-11 00:00:00+00:00,3,-0.17556666666666665
2022-10-12 00:00:00+00:00,6,-0.07881666666666666
2022-10-13 00:00:00+00:00,4,0.20440000000000003
2022-10-14 00:00:00+00:00,6,0.10076666666666667
2022-10-17 00:00:00+00:00,2,-0.19979999999999998
2022-10-18 00:00:00+00:00,10,0.08068
2022-10-19 00:00:00+00:00,7,-0.03844285714285715
2022-10-21 00:00:00+00:00,4,-0.013800000000000007
2022-10-24 00:00:00+00:00,6,0.10293333333333334
2022-10-25 00:00:00+00:00,9,0.21430000000000002
2022-10-26 00:00:00+00:00,5,0.13279999999999997
2022-10-27 00:00:00+00:00,6,0.0242
2022-10-28 00:00:00+00:00,7,0.04475714285714286
2022-10-31 00:00:00+00:00,2,-0.05135
2022-11-02 00:00:00+00:00,6,0.0
2022-11-07 00:00:00+00:00,2,0.0
2022-11-15 00:00:00+00:00,2,0.0
2022-11-16 00:00:00+00:00,13,-0.04448461538461538
2022-11-17 00:00:00+00:00,14,0.12836428571428574
2022-11-18 00:00:00+00:00,14,0.09042142857142857
2022-11-21 00:00:00+00:00,8,0.25353749999999997
2022-11-22 00:00:00+00:00,8,-0.1589625
2022-11-24 00:00:00+00:00,5,0.03936
2022-11-25 00:00:00+00:00,13,0.16654615384615384
2022-11-28 00:00:00+00:00,4,0.254975
2022-11-29 00:00:00+00:00,7,-0.000471428571428575
2022-11-30 00:00:00+00:00,4,0.26632500000000003
2022-12-01 00:00:00+00:00,5,0.18352
2022-12-02 00:00:00+00:00,2,0.1806
2022-12-05 00:00:00+00:00,8,0.1113625
2022-12-06 00:00:00+00:00,4,-0.100475
2022-12-07 00:00:00+00:00,4,-0.038275
2022-12-08 00:00:00+00:00,4,0.1101
2022-12-09 00:00:00+00:00,7,0.09714285714285713
2022-12-12 00:00:00+00:00,6,0.06363333333333333
2022-12-13 00:00:00+00:00,2,-0.11099999999999999
2022-12-14 00:00:00+00:00,15,0.17573333333333335
2022-12-15 00:00:00+00:00,1,0.0
2022-12-16 00:00:00+00:00,5,0.19672
2022-12-19 00:00:00+00:00,7,-0.09832857142857143
2022-12-20 00:00:00+00:00,3,0.033466666666666665
2022-12-21 00:00:00+00:00,4,0.105375
2022-12-22 00:00:00+00:00,4,0.1101
2022-12-23 00:00:00+00:00,4,0.1975
2022-12-26 00:00:00+00:00,4,0.02717500000000002
2022-12-27 00:00:00+00:00,4,0.1806
2022-12-28 00:00:00+00:00,3,0.2083
2022-12-29 00:00:00+00:00,3,0.21230000000000002
2022-12-30 00:00:00+00:00,6,-0.07573333333333333
2023-01-04 00:00:00+00:00,7,0.03554285714285714
2023-01-05 00:00:00+00:00,3,0.0
2023-01-06 00:00:00+00:00,8,0.06896250000000001
2023-01-10 00:00:00+00:00,4,0.196125
2023-01-12 00:00:00+00:00,3,-0.09866666666666667
2023-01-13 00:00:00+00:00,8,0.072075
2023-01-16 00:00:00+00:00,6,0.19201666666666664
2023-01-17 00:00:00+00:00,4,0.0
2023-01-18 00:00:00+00:00,2,0.0
2023-01-19 00:00:00+00:00,4,0.1939
2023-01-20 00:00:00+00:00,1,0.0
2023-01-23 00:00:00+00:00,5,0.31989999999999996
2023-01-24 00:00:00+00:00,2,-0.17
2023-01-25 00:00:00+00:00,5,0.20633999999999997
2023-01-26 00:00:00+00:00,18,0.06552222222222222
2023-01-27 00:00:00+00:00,11,0.06609090909090909
2023-01-30 00:00:00+00:00,3,0.0
2023-01-31 00:00:00+00:00,1,0.0
2023-02-02 00:00:00+00:00,1,0.0
2023-02-03 00:00:00+00:00,1,0.0
2023-02-08 00:00:00+00:00,14,0.3692357142857143
2023-02-09 00:00:00+00:00,7,0.34055714285714284
2023-02-10 00:00:00+00:00,7,0.31855714285714287
2023-02-13 00:00:00+00:00,5,0.0
2023-02-14 00:00:00+00:00,7,0.012885714285714278
2023-02-15 00:00:00+00:00,7,0.2753
2023-02-16 00:00:00+00:00,4,0.050575
2023-02-17 00:00:00+00:00,5,0.17854
2023-02-20 00:00:00+00:00,2,0.5789
2023-02-21 00:00:00+00:00,5,0.04046
2023-02-22 00:00:00+00:00,19,0.2098421052631579
2023-02-24 00:00:00+00:00,8,0.12295
2023-02-27 00:00:00+00:00,2,-0.2553
2023-02-28 00:00:00+00:00,6,0.2546333333333333
2023-03-01 00:00:00+00:00,2,0.24695
2023-03-02 00:00:00+00:00,1,0.0
2023-03-03 00:00:00+00:00,3,0.032533333333333324
2023-03-06 00:00:00+00:00,2,0.0258
2023-03-09 00:00:00+00:00,1,0.0
2023-03-10 00:00:00+00:00,3,0.09559999999999998
2023-03-15 00:00:00+00:00,1,0.0
2023-03-17 00:00:00+00:00,7,0.2181
2023-03-20 00:00:00+00:00,10,0.05671999999999999
2023-03-22 00:00:00+00:00,6,0.10953333333333333
2023-03-23 00:00:00+00:00,5,0.25178
2023-03-24 00:00:00+00:00,17,0.1641235294117647
2023-03-27 00:00:00+00:00,10,0.08062
2023-03-28 00:00:00+00:00,6,0.19553333333333334
2023-03-29 00:00:00+00:00,9,0.09766666666666667
2023-03-30 00:00:00+00:00,7,0.01054285714285714
2023-03-31 00:00:00+00:00,10,0.08270999999999999
2023-04-04 00:00:00+00:00,2,0.2294
2023-04-05 00:00:00+00:00,8,0.1645125
2023-04-06 00:00:00+00:00,12,0.044199999999999996
2023-04-07 00:00:00+00:00,12,-0.027416666666666673
2023-04-10 00:00:00+00:00,4,0.1376
2023-04-11 00:00:00+00:00,4,0.005925
2023-04-12 00:00:00+00:00,4,0.20500000000000002
2023-04-13 00:00:00+00:00,6,-0.03166666666666667
2023-04-14 00:00:00+00:00,8,0.07953749999999998
2023-04-17 00:00:00+00:00,3,0.3143666666666667
2023-04-18 00:00:00+00:00,4,0.025675
2023-04-19 00:00:00+00:00,4,0.0903
2023-04-20 00:00:00+00:00,3,-0.27086666666666664
2023-04-21 00:00:00+00:00,6,-0.11973333333333334
2023-04-24 00:00:00+00:00,3,0.13396666666666665
2023-04-25 00:00:00+00:00,1,0.7003
2023-04-26 00:00:00+00:00,5,0.17616
2023-04-27 00:00:00+00:00,5,0.21147999999999997
2023-04-28 00:00:00+00:00,6,0.10576666666666668
2023-05-01 00:00:00+00:00,1,0.0
2023-05-02 00:00:00+00:00,9,0.05154444444444444
2023-05-08 00:00:00+00:00,3,0.0086
2023-05-09 00:00:00+00:00,3,-0.09866666666666667
2023-05-10 00:00:00+00:00,6,-0.04323333333333334
2023-05-11 00:00:00+00:00,1,0.0
2023-05-12 00:00:00+00:00,6,-0.051649999999999995
2023-05-15 00:00:00+00:00,2,0.0
2023-05-16 00:00:00+00:00,3,0.05036666666666667
2023-05-17 00:00:00+00:00,5,0.25976
2023-05-18 00:00:00+00:00,6,0.04251666666666667
2023-05-19 00:00:00+00:00,8,0.13927499999999998
2023-05-22 00:00:00+00:00,4,0.0
2023-05-23 00:00:00+00:00,2,0.148
2023-05-24 00:00:00+00:00,3,0.23653333333333335
2023-05-25 00:00:00+00:00,4,0.20095
2023-05-26 00:00:00+00:00,8,0.21445
2023-05-29 00:00:00+00:00,3,0.09106666666666667
2023-05-30 00:00:00+00:00,13,0.2192
2023-05-31 00:00:00+00:00,10,-0.03907
2023-06-01 00:00:00+00:00,1,0.0
2023-06-02 00:00:00+00:00,1,0.0
2023-06-05 00:00:00+00:00,1,0.5719
2023-06-06 00:00:00+00:00,3,0.12726666666666667
2023-06-09 00:00:00+00:00,1,0.4019
2023-06-12 00:00:00+00:00,4,0.0
2023-06-13 00:00:00+00:00,3,0.3881333333333334
2023-06-14 00:00:00+00:00,1,0.1779
2023-06-15 00:00:00+00:00,10,-0.060880000000000004
2023-06-16 00:00:00+00:00,6,0.09765
2023-06-19 00:00:00+00:00,4,0.29855
2023-06-20 00:00:00+00:00,5,-0.07150000000000001
2023-06-21 00:00:00+00:00,14,0.07151428571428571
2023-06-22 00:00:00+00:00,15,0.15660666666666667
2023-06-23 00:00:00+00:00,8,-0.0191625
2023-06-26 00:00:00+00:00,2,0.0
2023-06-27 00:00:00+00:00,6,0.05535
2023-06-28 00:00:00+00:00,3,-0.41209999999999997
2023-06-29 00:00:00+00:00,5,0.07008
2023-06-30 00:00:00+00:00,7,0.13585714285714287
2023-07-03 00:00:00+00:00,4,0.0
2023-07-04 00:00:00+00:00,4,0.100475
2023-07-05 00:00:00+00:00,3,0.01466666666666668
2023-07-06 00:00:00+00:00,5,0.16076
2023-07-07 00:00:00+00:00,4,0.159225
2023-07-10 00:00:00+00:00,4,-0.07475
2023-07-11 00:00:00+00:00,4,0.35235
2023-07-12 00:00:00+00:00,4,0.0
2023-07-13 00:00:00+00:00,7,0.0828857142857143
2023-07-14 00:00:00+00:00,8,-0.010512500000000001
2023-07-18 00:00:00+00:00,3,0.25806666666666667
2023-07-19 00:00:00+00:00,7,0.022757142857142854
2023-07-20 00:00:00+00:00,6,-0.02965
2023-07-21 00:00:00+00:00,2,0.0129
2023-07-24 00:00:00+00:00,3,0.21230000000000002
2023-07-25 00:00:00+00:00,5,0.08293999999999999
2023-07-26 00:00:00+00:00,4,-0.174475
2023-07-27 00:00:00+00:00,4,0.050575
2023-07-28 00:00:00+00:00,8,0.27337500000000003
2023-07-31 00:00:00+00:00,11,0.11458181818181817
2023-08-01 00:00:00+00:00,2,0.0
2023-08-02 00:00:00+00:00,12,0.08521666666666668
2023-08-03 00:00:00+00:00,6,0.07646666666666667
2023-08-04 00:00:00+00:00,9,0.12034444444444443
2023-08-07 00:00:00+00:00,3,-0.052633333333333344
2023-08-08 00:00:00+00:00,2,-0.05135
2023-08-09 00:00:00+00:00,3,0.045999999999999965
2023-08-10 00:00:00+00:00,10,-0.03269
2023-08-14 00:00:00+00:00,2,0.1094
2023-08-15 00:00:00+00:00,3,0.4201333333333333
2023-08-16 00:00:00+00:00,2,-0.27115
2023-08-17 00:00:00+00:00,1,0.4215
2023-08-18 00:00:00+00:00,4,0.004599999999999993
2023-08-21 00:00:00+00:00,2,0.0
2023-08-22 00:00:00+00:00,6,0.025316666666666664
2023-08-23 00:00:00+00:00,1,0.0
2023-08-24 00:00:00+00:00,5,0.19868
2023-08-25 00:00:00+00:00,7,9.999999999999691e-05
2023-08-28 00:00:00+00:00,3,-0.17020000000000002
2023-08-29 00:00:00+00:00,7,0.33387142857142854
2023-08-30 00:00:00+00:00,6,0.13935
2023-08-31 00:00:00+00:00,4,0.306975
2023-09-01 00:00:00+00:00,2,0.0
2023-09-04 00:00:00+00:00,4,0.0
2023-09-05 00:00:00+00:00,7,0.17455714285714286
2023-09-06 00:00:00+00:00,9,-0.030311111111111105
2023-09-07 00:00:00+00:00,8,-0.030287500000000002
2023-09-08 00:00:00+00:00,7,-0.01884285714285713
2023-09-11 00:00:00+00:00,2,0.0
2023-09-12 00:00:00+00:00,6,-0.027350000000000003
2023-09-13 00:00:00+00:00,3,0.12040000000000001
2023-09-14 00:00:00+00:00,3,0.08333333333333333
2023-09-15 00:00:00+00:00,7,0.2332857142857143
2023-09-19 00:00:00+00:00,3,-0.12726666666666667
2023-09-20 00:00:00+00:00,3,0.2601333333333333
2023-09-22 00:00:00+00:00,9,-0.17372222222222222
2023-09-25 00:00:00+00:00,4,0.1727
2023-09-26 00:00:00+00:00,7,-0.013128571428571425
2023-09-27 00:00:00+00:00,3,0.0
2023-09-28 00:00:00+00:00,8,0.004037500000000006
2023-09-29 00:00:00+00:00,5,0.12517999999999999
2023-10-02 00:00:00+00:00,3,0.22953333333333334
2023-10-04 00:00:00+00:00,1,0.0
2023-10-06 00:00:00+00:00,4,0.20179999999999998
2023-10-12 00:00:00+00:00,1,0.0
2023-10-17 00:00:00+00:00,1,0.0
2023-10-18 00:00:00+00:00,4,0.509775
2023-10-19 00:00:00+00:00,3,0.0
2023-10-20 00:00:00+00:00,7,0.07737142857142856
2023-10-23 00:00:00+00:00,5,0.15975999999999999
2023-10-24 00:00:00+00:00,6,0.11181666666666668
2023-10-25 00:00:00+00:00,18,0.12389444444444446
2023-10-26 00:00:00+00:00,8,0.0566375
2023-10-27 00:00:00+00:00,7,0.05205714285714285
2023-10-30 00:00:00+00:00,8,0.08656250000000001
2023-10-31 00:00:00+00:00,24,0.08533333333333333
2023-11-01 00:00:00+00:00,1,0.0
2023-11-02 00:00:00+00:00,2,-0.1909
2023-11-06 00:00:00+00:00,6,0.061633333333333325
2023-11-07 00:00:00+00:00,2,0.42075
2023-11-08 00:00:00+00:00,3,0.0172
2023-11-09 00:00:00+00:00,5,0.11383999999999998
2023-11-10 00:00:00+00:00,3,0.025733333333333334
2023-11-13 00:00:00+00:00,3,0.15293333333333334
2023-11-14 00:00:00+00:00,11,0.048463636363636355
2023-11-15 00:00:00+00:00,4,0.124675
2023-11-16 00:00:00+00:00,4,0.0
2023-11-17 00:00:00+00:00,5,0.1888
2023-11-20 00:00:00+00:00,13,-0.038438461538461546
2023-11-21 00:00:00+00:00,5,0.09426
2023-11-22 00:00:00+00:00,5,-0.0013199999999999878
2023-11-24 00:00:00+00:00,3,0.06743333333333333
2023-11-27 00:00:00+00:00,7,0.12784285714285715
2023-11-28 00:00:00+00:00,6,0.2798333333333333
2023-11-29 00:00:00+00:00,9,0.08541111111111112
2023-11-30 00:00:00+00:00,3,-0.09866666666666667
2023-12-01 00:00:00+00:00,8,0.1554125
2023-12-04 00:00:00+00:00,18,0.2334
2023-12-05 00:00:00+00:00,3,0.15293333333333334
2023-12-06 00:00:00+00:00,1,0.0
2023-12-07 00:00:00+00:00,4,0.100475
2023-12-08 00:00:00+00:00,6,0.08080000000000001
2023-12-11 00:00:00+00:00,5,0.16678
2023-12-12 00:00:00+00:00,7,-0.0885142857142857
2023-12-13 00:00:00+00:00,7,0.04494285714285715
2023-12-14 00:00:00+00:00,1,0.4588
2023-12-15 00:00:00+00:00,4,0.32484999999999997
2023-12-18 00:00:00+00:00,5,-0.0229
2023-12-19 00:00:00+00:00,3,0.26776666666666665
2023-12-20 00:00:00+00:00,10,-0.062369999999999995
2023-12-21 00:00:00+00:00,10,-0.002930000000000002
2023-12-25 00:00:00+00:00,1,0.0
2023-12-26 00:00:00+00:00,1,0.0
2023-12-27 00:00:00+00:00,5,0.12089999999999998
2023-12-28 00:00:00+00:00,1,0.0
2023-12-29 00:00:00+00:00,6,0.15155
2024-01-04 00:00:00+00:00,4,0.48977499999999996
2024-01-05 00:00:00+00:00,2,0.312
2024-01-09 00:00:00+00:00,3,0.4572333333333334
2024-01-10 00:00:00+00:00,3,-0.0353
2024-01-11 00:00:00+00:00,5,0.10212000000000002
2024-01-12 00:00:00+00:00,7,0.11762857142857142
2024-01-15 00:00:00+00:00,3,-0.12040000000000001
2024-01-16 00:00:00+00:00,1,0.0
2024-01-17 00:00:00+00:00,4,0.31185
2024-01-18 00:00:00+00:00,2,0.0
2024-01-19 00:00:00+00:00,3,0.1971333333333333
2024-01-22 00:00:00+00:00,8,0.1461
2024-01-23 00:00:00+00:00,4,0.050575
2024-01-24 00:00:00+00:00,1,-0.25
2024-01-25 00:00:00+00:00,6,0.16419999999999998
2024-01-26 00:00:00+00:00,3,0.26053333333333334
2024-01-29 00:00:00+00:00,12,-0.15872499999999998
2024-01-30 00:00:00+00:00,20,-0.08949
2024-01-31 00:00:00+00:00,3,0.2762666666666667
2024-02-02 00:00:00+00:00,1,0.4588
2024-02-05 00:00:00+00:00,1,0.0
2024-02-06 00:00:00+00:00,4,0.02612500000000001
2024-02-08 00:00:00+00:00,1,-0.2732
2024-02-09 00:00:00+00:00,2,0.31845
2024-02-13 00:00:00+00:00,3,0.0
2024-02-14 00:00:00+00:00,4,0.12765
2024-02-15 00:00:00+00:00,3,0.0
2024-02-16 00:00:00+00:00,10,0.14350000000000002
2024-02-19 00:00:00+00:00,5,-0.05994000000000001
2024-02-20 00:00:00+00:00,6,0.010949999999999996
2024-02-21 00:00:00+00:00,9,-0.04298888888888889
2024-02-22 00:00:00+00:00,16,0.0330875
2024-02-26 00:00:00+00:00,3,0.21243333333333334
2024-02-27 00:00:00+00:00,14,0.03607857142857142
2024-02-28 00:00:00+00:00,12,0.03345833333333332
2024-02-29 00:00:00+00:00,6,-0.011666666666666664
2024-03-01 00:00:00+00:00,10,0.17278
2024-03-04 00:00:00+00:00,6,0.20115000000000002
2024-03-05 00:00:00+00:00,9,0.17696666666666666
2024-03-06 00:00:00+00:00,8,0.006874999999999999
2024-03-07 00:00:00+00:00,2,0.0
2024-03-08 00:00:00+00:00,10,0.12428000000000002
2024-03-11 00:00:00+00:00,4,0.146475
2024-03-12 00:00:00+00:00,6,0.09023333333333333
2024-03-13 00:00:00+00:00,4,0.208525
2024-03-15 00:00:00+00:00,2,0.4136
2024-03-18 00:00:00+00:00,1,-0.296
2024-03-19 00:00:00+00:00,2,0.20095
2024-03-21 00:00:00+00:00,6,0.32808333333333334
2024-03-22 00:00:00+00:00,5,-0.07636
2024-03-25 00:00:00+00:00,5,0.0
2024-03-26 00:00:00+00:00,3,0.0593
2024-03-27 00:00:00+00:00,3,-0.09106666666666667
2024-03-28 00:00:00+00:00,6,-0.06976666666666666
2024-03-29 00:00:00+00:00,8,0.288025
2024-04-01 00:00:00+00:00,1,0.5719
2024-04-02 00:00:00+00:00,2,0.21075
2024-04-03 00:00:00+00:00,1,0.4404
2024-04-05 00:00:00+00:00,4,0.0
2024-04-08 00:00:00+00:00,3,0.0
2024-04-09 00:00:00+00:00,15,0.09735333333333335
2024-04-10 00:00:00+00:00,3,0.03653333333333334
2024-04-11 00:00:00+00:00,4,0.07955
2024-04-12 00:00:00+00:00,3,0.10606666666666666
2024-04-15 00:00:00+00:00,1,0.0258
2024-04-16 00:00:00+00:00,7,0.0610142857142857
2024-04-17 00:00:00+00:00,3,-0.09866666666666667
2024-04-18 00:00:00+00:00,13,0.04091538461538462
2024-04-19 00:00:00+00:00,4,0.1101
2024-04-22 00:00:00+00:00,4,0.0
2024-04-23 00:00:00+00:00,4,0.0
2024-04-24 00:00:00+00:00,6,-0.05548333333333333
2024-04-25 00:00:00+00:00,15,0.0
2024-04-26 00:00:00+00:00,3,0.0
2024-04-30 00:00:00+00:00,4,-0.213875
2024-05-02 00:00:00+00:00,1,0.7003
2024-05-07 00:00:00+00:00,1,0.0
2024-05-10 00:00:00+00:00,6,0.0
2024-05-13 00:00:00+00:00,7,0.07435714285714286
2024-05-14 00:00:00+00:00,4,0.164925
2024-05-15 00:00:00+00:00,4,0.15295
2024-05-16 00:00:00+00:00,6,0.010833333333333325
2024-05-17 00:00:00+00:00,12,-0.00576666666666666
2024-05-20 00:00:00+00:00,5,0.22936
2024-05-21 00:00:00+00:00,7,0.03232857142857143
2024-05-22 00:00:00+00:00,2,-0.1591
2024-05-23 00:00:00+00:00,3,0.1671
2024-05-24 00:00:00+00:00,7,0.19690000000000002
2024-05-27 00:00:00+00:00,3,0.0
2024-05-28 00:00:00+00:00,14,0.15890714285714286
2024-05-29 00:00:00+00:00,9,0.031077777777777777
2024-05-30 00:00:00+00:00,7,-0.03391428571428572
2024-05-31 00:00:00+00:00,4,-0.146875
2024-06-03 00:00:00+00:00,3,-0.17323333333333335
2024-06-04 00:00:00+00:00,2,-0.0129
2024-06-05 00:00:00+00:00,1,0.5423
2024-06-06 00:00:00+00:00,2,-0.2202
2024-06-07 00:00:00+00:00,1,0.368
2024-06-10 00:00:00+00:00,5,-0.025619999999999997
2024-06-11 00:00:00+00:00,6,0.18576666666666666
2024-06-12 00:00:00+00:00,3,-0.17020000000000002
2024-06-13 00:00:00+00:00,1,0.0
2024-06-14 00:00:00+00:00,6,-0.17923333333333333
2024-06-17 00:00:00+00:00,7,0.11075714285714286
2024-06-18 00:00:00+00:00,4,0.094025
2024-06-19 00:00:00+00:00,5,0.10478000000000001
2024-06-20 00:00:00+00:00,6,-0.027349999999999985
2024-06-21 00:00:00+00:00,10,0.36789
2024-06-24 00:00:00+00:00,6,0.28076666666666666
2024-06-25 00:00:00+00:00,3,0.01896666666666667
2024-06-26 00:00:00+00:00,6,0.23973333333333335
2024-06-27 00:00:00+00:00,6,0.30088333333333334
2024-06-28 00:00:00+00:00,15,0.014946666666666665
2024-07-01 00:00:00+00:00,5,0.059199999999999996
2024-07-02 00:00:00+00:00,1,0.0
2024-07-03 00:00:00+00:00,3,0.1971333333333333
2024-07-04 00:00:00+00:00,6,0.10711666666666668
2024-07-05 00:00:00+00:00,3,0.054266666666666664
2024-07-08 00:00:00+00:00,2,0.2548
2024-07-09 00:00:00+00:00,4,0.01100000000000001
2024-07-10 00:00:00+00:00,2,0.0
2024-07-11 00:00:00+00:00,2,-0.36005
2024-07-12 00:00:00+00:00,10,0.11660999999999999
2024-07-16 00:00:00+00:00,2,-0.42925
2024-07-17 00:00:00+00:00,4,0.041800000000000004
2024-07-18 00:00:00+00:00,5,0.1099
2024-07-19 00:00:00+00:00,3,0.0
2024-07-22 00:00:00+00:00,2,0.39915
2024-07-23 00:00:00+00:00,7,0.2747428571428571
2024-07-24 00:00:00+00:00,6,-0.11175
2024-07-25 00:00:00+00:00,5,0.20924
2024-07-26 00:00:00+00:00,13,0.08112307692307692
2024-07-29 00:00:00+00:00,5,0.032880000000000006
2024-07-30 00:00:00+00:00,6,-0.19041666666666668
2024-07-31 00:00:00+00:00,4,-0.16859999999999997
2024-08-01 00:00:00+00:00,6,-0.011450000000000007
2024-08-02 00:00:00+00:00,13,0.027223076923076926
2024-08-05 00:00:00+00:00,3,0.09576666666666667
2024-08-06 00:00:00+00:00,3,-0.28276666666666667
2024-08-07 00:00:00+00:00,5,-0.12674
2024-08-08 00:00:00+00:00,2,0.0
2024-08-09 00:00:00+00:00,8,0.19871250000000001
2024-08-13 00:00:00+00:00,9,0.0
2024-08-14 00:00:00+00:00,5,0.05
2024-08-15 00:00:00+00:00,6,0.07065
2024-08-16 00:00:00+00:00,5,0.0843
2024-08-19 00:00:00+00:00,2,0.0
2024-08-20 00:00:00+00:00,3,-0.17203333333333334
2024-08-21 00:00:00+00:00,3,-0.32783333333333337
2024-08-22 00:00:00+00:00,6,-0.16201666666666667
2024-08-23 00:00:00+00:00,7,-0.06810000000000001
2024-08-26 00:00:00+00:00,7,0.16802857142857142
2024-08-28 00:00:00+00:00,3,0.28773333333333334
2024-08-29 00:00:00+00:00,1,-0.4902
2024-08-30 00:00:00+00:00,3,-0.18213333333333334
2024-09-02 00:00:00+00:00,1,0.0
2024-09-05 00:00:00+00:00,3,0.10606666666666666
2024-09-13 00:00:00+00:00,7,0.3307857142857143
2024-09-17 00:00:00+00:00,20,0.25772500000000004
2024-09-18 00:00:00+00:00,13,0.2134
2024-09-19 00:00:00+00:00,5,0.13957999999999998
2024-09-20 00:00:00+00:00,14,-0.06670714285714285
2024-09-24 00:00:00+00:00,5,0.31402
2024-09-25 00:00:00+00:00,9,0.3040111111111111
2024-09-26 00:00:00+00:00,11,0.02479090909090909
2024-09-27 00:00:00+00:00,10,0.06071000000000001
2024-09-30 00:00:00+00:00,2,0.20095
2024-10-01 00:00:00+00:00,1,0.0
2024-10-02 00:00:00+00:00,4,0.0
2024-10-03 00:00:00+00:00,7,-0.045457142857142856
2024-10-04 00:00:00+00:00,7,0.08832857142857144
2024-10-07 00:00:00+00:00,4,0.11977499999999999
2024-10-08 00:00:00+00:00,5,0.09878
2024-10-09 00:00:00+00:00,2,0.1591
2024-10-10 00:00:00+00:00,6,0.04565
2024-10-11 00:00:00+00:00,15,0.13864
2024-10-15 00:00:00+00:00,3,0.18076666666666666
2024-10-16 00:00:00+00:00,8,0.202525
2024-10-17 00:00:00+00:00,5,0.08038
2024-10-18 00:00:00+00:00,1,0.0
2024-10-21 00:00:00+00:00,2,-0.1462
2024-10-22 00:00:00+00:00,2,0.17039999999999997
2024-10-23 00:00:00+00:00,3,0.36083333333333334
2024-10-24 00:00:00+00:00,4,0.0683
2024-10-25 00:00:00+00:00,5,0.17452
2024-10-28 00:00:00+00:00,5,0.28536
2024-10-29 00:00:00+00:00,1,0.5106
2024-10-30 00:00:00+00:00,5,0.0658
2024-10-31 00:00:00+00:00,5,0.3889
2024-11-01 00:00:00+00:00,22,0.18644999999999998
2024-11-05 00:00:00+00:00,11,0.13774545454545453
2024-11-06 00:00:00+00:00,8,-0.077625
2024-11-07 00:00:00+00:00,2,0.2202
2024-11-08 00:00:00+00:00,10,0.03815
2024-11-11 00:00:00+00:00,4,-0.038275
2024-11-12 00:00:00+00:00,4,-0.06025
2024-11-13 00:00:00+00:00,5,0.13334000000000001
2024-11-14 00:00:00+00:00,2,0.0
2024-11-15 00:00:00+00:00,4,0.11977499999999999
2024-11-18 00:00:00+00:00,4,0.009525000000000006
2024-11-19 00:00:00+00:00,2,0.7807
2024-11-20 00:00:00+00:00,2,0.06434999999999999
2024-11-21 00:00:00+00:00,1,0.5719
2024-11-25 00:00:00+00:00,5,0.0
2024-11-26 00:00:00+00:00,3,0.18866666666666665
2024-11-27 00:00:00+00:00,3,0.2027
2024-11-28 00:00:00+00:00,3,0.0
2024-11-29 00:00:00+00:00,5,0.14218000000000003
2024-12-02 00:00:00+00:00,1,0.4215
2024-12-03 00:00:00+00:00,7,0.12295714285714286
2024-12-04 00:00:00+00:00,6,-0.03485
2024-12-05 00:00:00+00:00,3,0.1858
2024-12-06 00:00:00+00:00,7,-0.07995714285714285
2024-12-09 00:00:00+00:00,2,0.0
2024-12-10 00:00:00+00:00,7,0.09604285714285714
2024-12-11 00:00:00+00:00,4,-0.023424999999999994
2024-12-12 00:00:00+00:00,9,0.050977777777777775
2024-12-13 00:00:00+00:00,3,0.17556666666666665
2024-12-16 00:00:00+00:00,2,0.125
2024-12-17 00:00:00+00:00,10,-0.005299999999999999
2024-12-18 00:00:00+00:00,7,0.07424285714285715
2024-12-20 00:00:00+00:00,6,0.21576666666666666
2024-12-23 00:00:00+00:00,4,-0.24035
2024-12-24 00:00:00+00:00,2,0.0
2024-12-25 00:00:00+00:00,5,0.0
2024-12-26 00:00:00+00:00,5,0.05464
2024-12-27 00:00:00+00:00,5,0.03558
2024-12-30 00:00:00+00:00,5,0.024440000000000007
